method,reference,points,grant_rate,within_budget,sr_centre,sr_eloignee,dpd,tpr_centre,tpr_eloignee,eod,gap_closed,agreement,utility
production forest (baseline),committee (decision_octroi),27.610378039892964,0.38170000000000004,1.0,0.4608333333333333,0.263,0.19783333333333333,0.8408089500860585,0.792124334967115,0.04868461511894364,0.8196866106705791,0.8798999999999999,0.7477763884320923
production forest (baseline),merit soft,11.81675229328889,0.38170000000000004,1.0,0.4608333333333333,0.263,0.19783333333333333,0.8404402676855567,0.5871971945228707,0.2532430731626859,0.0763021835018168,0.8459507428355966,0.6860472415501702
production forest (baseline),Y* = A constant penalty,12.597803088915978,0.38170000000000004,1.0,0.4608333333333333,0.263,0.19783333333333333,0.9785821859394025,0.691792864504471,0.2867893214349316,0.015587406821713634,0.9138999999999999,0.819070330165447
production forest (baseline),Y* = B penalty growing with distance,11.182881775732499,0.38170000000000004,1.0,0.4608333333333333,0.263,0.19783333333333333,0.986117993108149,0.6130593887582496,0.37305860434989924,0.0,0.8788,0.7455254517154999
production forest (baseline),Y* = C merit without distance,13.49378000036172,0.38170000000000004,1.0,0.4608333333333333,0.263,0.19783333333333333,0.9754713504363757,0.7127133254631752,0.26275802497320033,0.048534655683736265,0.9214,0.8348724591124663
production forest (baseline),"Y* = D merit from R, first generation, program",15.670591324775788,0.38170000000000004,1.0,0.4608333333333333,0.263,0.19783333333333333,0.994324166281198,0.7536053897568055,0.24071877652439255,0.1190696755867177,0.9457000000000001,0.8859465208694288
production forest (baseline),"Y* = K constant penalty, log income",12.652075589573457,0.38170000000000004,1.0,0.4608333333333333,0.263,0.19783333333333333,0.9823105499893696,0.6978338738852521,0.2844766761041176,0.010239974934210598,0.9189999999999999,0.8298184060592829
production forest (baseline),Y* = E R score only,15.424960868013605,0.38170000000000004,1.0,0.4608333333333333,0.263,0.19783333333333333,0.9954842189259303,0.7497270039882191,0.24575721493771124,0.1061096860527823,0.9461,0.8868511431305306
production forest (baseline),Y* = F noisy Bernoulli,12.480125725384598,0.38170000000000004,1.0,0.4608333333333333,0.263,0.19783333333333333,0.8854342517790315,0.6289185777148291,0.25651567406420234,0.10472815609477096,0.8529,0.6923708402326119
production forest (baseline),Y* = G base rate 30%,23.957257955776832,0.38170000000000004,1.0,0.4608333333333333,0.263,0.19783333333333333,0.9946183443211053,0.8937942078418744,0.10082413647923091,0.6265772722991447,0.8922000000000001,0.761714167319596
production forest (baseline),Y* = H base rate 50%,11.226429320432151,0.38170000000000004,1.0,0.4608333333333333,0.263,0.19783333333333333,0.8881262574023584,0.5446274921217611,0.3434987652805974,0.0,0.8741999999999999,0.7484286213621434
production forest (baseline),"Y* = I committee, deserving remote refusals flipped",15.415267912452839,0.38170000000000004,1.0,0.4608333333333333,0.263,0.19783333333333333,0.9265750723777261,0.691792864504471,0.23478220787325504,0.14108301059803446,0.9221,0.8395738466994768
production forest (baseline),Y* = J centre-only GBM,12.263795111622766,0.38170000000000004,1.0,0.4608333333333333,0.263,0.19783333333333333,0.9723381704907913,0.6761211747351898,0.29621699575560145,0.014976266589169876,0.9037,0.7976179853226246
production forest (baseline),Y* = L need: R minus log income,12.406455553229383,0.38170000000000004,1.0,0.4608333333333333,0.263,0.19783333333333333,0.958513464181592,0.6767887043723826,0.28172475980920936,0.030512324618627767,0.8983000000000001,0.7864139373904553
forest without region,committee (decision_octroi),29.02885225770775,0.3851,1.0,0.461,0.27125,0.18975,0.8401216689417769,0.8104310669850445,0.029690601956732343,0.8900348075676581,0.8801,0.7485437404236392
forest without region,merit soft,12.828307125664438,0.3851,1.0,0.461,0.27125,0.18975,0.8421697086340973,0.6044290181429972,0.2377406904911002,0.12135932274140444,0.8494950994630213,0.6934080447224232
forest without region,Y* = A constant penalty,13.283693967154473,0.3851,1.0,0.461,0.27125,0.18975,0.9817220978325583,0.7123145836698541,0.2694075141627042,0.04278498917431496,0.9183,0.8285329455778783
forest without region,Y* = B penalty growing with distance,11.313856212601584,0.3851,1.0,0.461,0.27125,0.18975,0.9882375905566642,0.6315558528661602,0.356681737690504,0.0,0.8827999999999999,0.7542570808401057
forest without region,Y* = C merit without distance,14.629237261279155,0.3851,1.0,0.461,0.27125,0.18975,0.9789493736923234,0.7339182365098901,0.24503113718243327,0.09791024404019552,0.9259999999999999,0.844735492031683
forest without region,"Y* = D merit from R, first generation, program",17.42657165185432,0.3851,1.0,0.461,0.27125,0.18975,0.9912387207776616,0.7764645996700763,0.21477412110758537,0.20454029219412845,0.9471,0.8890510538647834
forest without region,"Y* = K constant penalty, log income",13.427216188432151,0.3851,1.0,0.461,0.27125,0.18975,0.9854447972694622,0.7192212151799187,0.2662235820895436,0.04159851146431614,0.9236000000000001,0.8396830639430553
forest without region,Y* = E R score only,17.114462892850213,0.3851,1.0,0.461,0.27125,0.18975,0.9916347270264989,0.7725299831759214,0.21910474385057768,0.18889263352802815,0.9471,0.8891073481526434
forest without region,Y* = F noisy Bernoulli,13.133885593812774,0.3851,1.0,0.461,0.27125,0.18975,0.8877538781516066,0.6460683945134095,0.2416854836381971,0.13214239684224016,0.8561,0.6994025104645314
forest without region,Y* = G base rate 30%,25.354417892436576,0.3851,1.0,0.461,0.27125,0.18975,0.9961568058595669,0.9133393235177595,0.08281748234180737,0.6932685839192321,0.8937999999999999,0.765936414270129
forest without region,Y* = H base rate 50%,11.352105529339244,0.3851,1.0,0.461,0.27125,0.18975,0.8896620395772074,0.5616562561891698,0.32800578338803765,0.0,0.8783999999999998,0.7568070352892831
forest without region,"Y* = I committee, deserving remote refusals flipped",16.565221910889854,0.3851,1.0,0.461,0.27125,0.18975,0.9309677268227124,0.7123145836698541,0.2186531431528583,0.19017354387830254,0.9275,0.8507834022215868
forest without region,Y* = J centre-only GBM,12.610772929061023,0.3851,1.0,0.461,0.27125,0.18975,0.9722885825172561,0.6967138765791276,0.27557470593812855,0.02741266612234361,0.9067000000000001,0.8041679737742766
forest without region,Y* = L need: R minus log income,13.012543567961123,0.3851,1.0,0.461,0.27125,0.18975,0.954450427660215,0.6904591691467182,0.26399125851349686,0.0624655217079775,0.8971,0.7842155422534383
forest without region and postal code,committee (decision_octroi),28.93784658311653,0.3896,1.0,0.4653333333333333,0.27599999999999997,0.18933333333333333,0.8470122855955843,0.8196053789116501,0.031646071505193295,0.8827923277585434,0.8815999999999999,0.7521333351963777
forest without region and postal code,merit soft,13.088141780498097,0.3896,1.0,0.4653333333333333,0.27599999999999997,0.18933333333333333,0.8501701411530268,0.6148739839412036,0.23529615721182315,0.12853275106732162,0.8532140415983731,0.7011657839434442
forest without region and postal code,Y* = A constant penalty,13.269546219220175,0.3896,1.0,0.4653333333333333,0.27599999999999997,0.18933333333333333,0.9915254580346511,0.7245175320602624,0.2670079259743889,0.03539594406716399,0.9224,0.8374418225251263
forest without region and postal code,Y* = B penalty growing with distance,11.405896191652458,0.3896,1.0,0.4653333333333333,0.27599999999999997,0.18933333333333333,0.9952186465199766,0.6432756722907562,0.35194297422922033,0.0,0.8855000000000001,0.7603930794434972
forest without region and postal code,Y* = C merit without distance,14.897580684749084,0.3896,1.0,0.4653333333333333,0.27599999999999997,0.18933333333333333,0.9881309492555588,0.7464777543103247,0.241653194945234,0.10498816686950381,0.9299,0.8531878231572672
forest without region and postal code,"Y* = D merit from R, first generation, program",18.828588746438648,0.3896,1.0,0.4653333333333333,0.27599999999999997,0.18933333333333333,0.9818113540478304,0.7884387508456905,0.19337260320213998,0.28380517332540756,0.9411999999999999,0.8768323519953665
forest without region and postal code,"Y* = K constant penalty, log income",13.527766423377333,0.3896,1.0,0.4653333333333333,0.27599999999999997,0.18933333333333333,0.9943230780628781,0.7329550178706381,0.26136806019224,0.039964675771355894,0.9277000000000001,0.8485648605300143
forest without region and postal code,Y* = E R score only,18.546262048393746,0.3896,1.0,0.4653333333333333,0.27599999999999997,0.18933333333333333,0.981471695685524,0.7844445005899193,0.19702719509560454,0.2702696477940573,0.9408,0.8760579395008401
forest without region and postal code,Y* = F noisy Bernoulli,13.273069909413232,0.3896,1.0,0.4653333333333333,0.27599999999999997,0.18933333333333333,0.8952537933053843,0.6573391063467865,0.23791468695859797,0.1342009447505569,0.859,0.7059367342934728
forest without region and postal code,Y* = G base rate 30%,25.994997720993638,0.3896,1.0,0.4653333333333333,0.27599999999999997,0.18933333333333333,0.9984230948114081,0.9245509368912723,0.07387215792013593,0.7263994151106077,0.8926999999999999,0.7644672945854322
forest without region and postal code,Y* = H base rate 50%,11.522638832858556,0.3896,1.0,0.4653333333333333,0.27599999999999997,0.18933333333333333,0.8999599524694751,0.5716865225580272,0.32827342991144803,0.0,0.8840999999999999,0.7681759221905704
forest without region and postal code,"Y* = I committee, deserving remote refusals flipped",16.684511227983897,0.3896,1.0,0.4653333333333333,0.27599999999999997,0.18933333333333333,0.9445449773452094,0.7245175320602624,0.22002744528494705,0.1850835359816776,0.9346,0.8655227005566897
forest without region and postal code,Y* = J centre-only GBM,13.043682962984814,0.3896,1.0,0.4653333333333333,0.27599999999999997,0.18933333333333333,0.9808256835861757,0.7098136251166745,0.27101205846950127,0.04298002739205393,0.9103999999999999,0.8122721610095823
forest without region and postal code,Y* = L need: R minus log income,13.181561012672944,0.3896,1.0,0.4653333333333333,0.27599999999999997,0.18933333333333333,0.9425562188887507,0.6918357027218957,0.2507205161668552,0.08620471565457084,0.8872,0.7638311133054352
ThresholdOptimizer (TPR parity vs committee),committee (decision_octroi),23.510447659297675,0.3881,0.8,0.45549999999999996,0.28700000000000003,0.1685,0.8349451005994422,0.828762934104143,0.020032213948636544,0.9258066150050498,0.8781000000000001,0.7447029504899151
ThresholdOptimizer (TPR parity vs committee),merit soft,12.487907264754536,0.3881,0.8,0.45549999999999996,0.28700000000000003,0.1685,0.833759185046102,0.6332738560749618,0.20048532897114021,0.25746174455133247,0.8514920854790926,0.6975591438661839
ThresholdOptimizer (TPR parity vs committee),Y* = A constant penalty,13.465461617331139,0.3881,0.8,0.45549999999999996,0.28700000000000003,0.1685,0.9728788937830408,0.7521189927948668,0.220759900988174,0.18237073708083704,0.9229,0.8383892885719215
ThresholdOptimizer (TPR parity vs committee),Y* = B penalty growing with distance,9.0961005484869,0.3881,0.8,0.45549999999999996,0.28700000000000003,0.1685,0.9813269522709648,0.6679606386536502,0.3133663136173146,0.0,0.8892,0.7680931830547195
ThresholdOptimizer (TPR parity vs committee),Y* = C merit without distance,15.145704997179758,0.3881,0.8,0.45549999999999996,0.28700000000000003,0.1685,0.9698398040817608,0.7743026523368742,0.19553715174488664,0.27578832687079025,0.9301999999999999,0.8537166424872579
ThresholdOptimizer (TPR parity vs committee),"Y* = D merit from R, first generation, program",17.259582047344217,0.3881,0.8,0.45549999999999996,0.28700000000000003,0.1685,0.9827559711138308,0.821539712318995,0.16121625879483586,0.4029027452043116,0.9522999999999999,0.9000999513391529
ThresholdOptimizer (TPR parity vs committee),"Y* = K constant penalty, log income",13.644825827834747,0.3881,0.8,0.45549999999999996,0.28700000000000003,0.1685,0.9762119677056351,0.7582510460708782,0.21796092163475694,0.192737327278678,0.9276,0.8482492808303752
ThresholdOptimizer (TPR parity vs committee),Y* = E R score only,17.05031610883436,0.3881,0.8,0.45549999999999996,0.28700000000000003,0.1685,0.9835216242364837,0.8174326504668585,0.16608897376962528,0.3848556527050916,0.9525,0.9005454005182074
ThresholdOptimizer (TPR parity vs committee),Y* = F noisy Bernoulli,11.720247899545644,0.3881,0.8,0.45549999999999996,0.28700000000000003,0.1685,0.881737949703677,0.6753513039524256,0.20638664575125149,0.23560501573610554,0.8593,0.7063922115876832
ThresholdOptimizer (TPR parity vs committee),Y* = G base rate 30%,22.318860732503047,0.3881,0.8,0.45549999999999996,0.28700000000000003,0.1685,0.9923837679734169,0.9381222892153529,0.054261478758063975,0.7990315601553186,0.8949999999999999,0.7692019895021746
ThresholdOptimizer (TPR parity vs committee),Y* = H base rate 50%,9.792600817205534,0.3881,0.8,0.45549999999999996,0.28700000000000003,0.1685,0.8780473835731575,0.5944394796239197,0.2836079039492378,0.02914481368841241,0.881,0.7619070612759778
ThresholdOptimizer (TPR parity vs committee),"Y* = I committee, deserving remote refusals flipped",16.27855378434657,0.3881,0.8,0.45549999999999996,0.28700000000000003,0.1685,0.9219772565947453,0.7521189927948668,0.16985826379987848,0.3708953192597094,0.9313,0.8586731414839683
ThresholdOptimizer (TPR parity vs committee),Y* = J centre-only GBM,12.699650876057909,0.3881,0.8,0.45549999999999996,0.28700000000000003,0.1685,0.9672277391522396,0.735878214723318,0.2313495244289217,0.14314990952251222,0.9133000000000001,0.8182051624709702
ThresholdOptimizer (TPR parity vs committee),Y* = L need: R minus log income,12.623352225373678,0.3881,0.8,0.45549999999999996,0.28700000000000003,0.1685,0.9458053031842797,0.7289744428950995,0.2168308602891802,0.19692273966970295,0.9017,0.7940562764887206
merit R + hours (penalty and wealth terms removed),committee (decision_octroi),17.857700174247952,0.41,1.0,0.41183333333333333,0.40725,0.011250000000000005,0.7780918748887174,0.9459762892212307,0.16788441433251333,0.37820587284254326,0.8488,0.6862388478264726
merit R + hours (penalty and wealth terms removed),merit soft,27.666758538397225,0.41,1.0,0.41183333333333333,0.40725,0.011250000000000005,0.777351918323847,0.8188520872741482,0.041500168950301064,0.8462956705544405,0.8600045070948401,0.7160563418205608
merit R + hours (penalty and wealth terms removed),Y* = A constant penalty,30.667931243924436,0.41,1.0,0.41183333333333333,0.40725,0.011250000000000005,0.9312606614260076,0.9667136903765678,0.03545302895056013,0.8686924853682958,0.9452,0.8862721024372346
merit R + hours (penalty and wealth terms removed),Y* = B penalty growing with distance,28.81558594642355,0.41,1.0,0.41183333333333333,0.40725,0.011250000000000005,0.9587565105781517,0.9017790522232586,0.056977458354893026,0.7889723764633592,0.9369,0.8690758944770913
merit R + hours (penalty and wealth terms removed),Y* = C merit without distance,29.44480082910946,0.41,1.0,0.41183333333333333,0.40725,0.011250000000000005,0.9251204422664812,0.9770476299463937,0.0519271876799126,0.8076770826669903,0.9451,0.88608394505131
merit R + hours (penalty and wealth terms removed),"Y* = D merit from R, first generation, program",29.180876778166795,0.41,1.0,0.41183333333333333,0.40725,0.011250000000000005,0.9214279624396792,0.9751965309273697,0.053768568487690384,0.8008571537492948,0.9410000000000001,0.8775822468787264
merit R + hours (penalty and wealth terms removed),"Y* = K constant penalty, log income",30.815425024686522,0.41,1.0,0.41183333333333333,0.40725,0.011250000000000005,0.928703245553508,0.958219080758837,0.031911463111628915,0.8818093958828559,0.9414999999999999,0.8786158071352936
merit R + hours (penalty and wealth terms removed),Y* = E R score only,29.044592959030815,0.41,1.0,0.41183333333333333,0.40725,0.011250000000000005,0.9200351474061528,0.975904947084169,0.05586979967801631,0.7930748160073471,0.9416,0.8788731092589247
merit R + hours (penalty and wealth terms removed),Y* = F noisy Bernoulli,28.91927744727679,0.41,1.0,0.41183333333333333,0.40725,0.011250000000000005,0.8334166394257126,0.8462288922026593,0.02595992769327582,0.9038521196545339,0.866,0.722815670279074
merit R + hours (penalty and wealth terms removed),Y* = G base rate 30%,30.1476622852061,0.41,1.0,0.41183333333333333,0.40725,0.011250000000000005,0.9817710803017029,0.9957947469381733,0.014023666636470412,0.9480604939389984,0.8821,0.7457634937617421
merit R + hours (penalty and wealth terms removed),Y* = H base rate 50%,29.43464581781646,0.41,1.0,0.41183333333333333,0.40725,0.011250000000000005,0.8040872031798193,0.8423430462144015,0.038255843034582314,0.85831169246451,0.9089,0.8178941312350843
merit R + hours (penalty and wealth terms removed),"Y* = I committee, deserving remote refusals flipped",24.760353586683603,0.41,1.0,0.41183333333333333,0.40725,0.011250000000000005,0.8550527415012755,0.9667136903765678,0.11166094887529221,0.5864409300915103,0.9358000000000001,0.8687689989902264
merit R + hours (penalty and wealth terms removed),Y* = J centre-only GBM,30.959301594849897,0.41,1.0,0.41183333333333333,0.40725,0.011250000000000005,0.9285822509931727,0.9154544483103809,0.02428239180702052,0.9100652155295537,0.9280000000000002,0.8505331522839213
merit R + hours (penalty and wealth terms removed),Y* = L need: R minus log income,31.632529811004368,0.41,1.0,0.41183333333333333,0.40725,0.011250000000000005,0.9153861860228136,0.9297544465778571,0.01436826055504361,0.9467842201665052,0.9259999999999999,0.8464563605116175
penalty removal alpha=0.0,committee (decision_octroi),26.027231291695465,0.41,1.0,0.4995,0.27575000000000005,0.22374999999999998,0.8924956970740103,0.8186795693519333,0.07381612772207699,0.7266069343626778,0.8874000000000001,0.7663395069627937
penalty removal alpha=0.0,merit soft,10.997571626648412,0.41,1.0,0.4995,0.27575000000000005,0.22374999999999998,0.8902368026843043,0.6185217469762148,0.27171505570808946,0.017348118063853828,0.8570413213176302,0.7100406176914223
penalty removal alpha=0.0,Y* = A constant penalty,12.715764454833643,0.41,1.0,0.4995,0.27575000000000005,0.22374999999999998,1.0,0.7267330303908655,0.27326696960913455,0.031178281693627945,0.9066000000000001,0.8061465880640721
penalty removal alpha=0.0,Y* = B penalty growing with distance,10.876400068738004,0.41,1.0,0.4995,0.27575000000000005,0.22374999999999998,1.0,0.6445131357687636,0.35548686423123643,0.0,0.8675,0.725093337915867
penalty removal alpha=0.0,Y* = C merit without distance,14.093638751173126,0.41,1.0,0.4995,0.27575000000000005,0.22374999999999998,1.0,0.7494177773730415,0.25058222262695856,0.08527020506136658,0.9160999999999999,0.8258823099963862
penalty removal alpha=0.0,"Y* = D merit from R, first generation, program",16.584622474961744,0.41,1.0,0.4995,0.27575000000000005,0.22374999999999998,0.9718762605804947,0.7620127923402638,0.20986346824023103,0.2227278954065517,0.9077999999999999,0.8086709711220473
penalty removal alpha=0.0,"Y* = K constant penalty, log income",13.161912973730242,0.41,1.0,0.4995,0.27575000000000005,0.22374999999999998,1.0,0.7359522606374378,0.26404773936256226,0.04708057151231056,0.9107,0.814686769565602
penalty removal alpha=0.0,Y* = E R score only,16.339696718217716,0.41,1.0,0.4995,0.27575000000000005,0.22374999999999998,0.9719608110560924,0.7587733719645572,0.21318743909153529,0.2104168922535731,0.9077999999999999,0.8087572582097501
penalty removal alpha=0.0,Y* = F noisy Bernoulli,11.659237852879732,0.41,1.0,0.4995,0.27575000000000005,0.22374999999999998,0.9276659528424819,0.66051543520974,0.26715051763274184,0.0569603224300715,0.8556000000000001,0.7013354269518868
penalty removal alpha=0.0,Y* = G base rate 30%,27.99433325651978,0.41,1.0,0.4995,0.27575000000000005,0.22374999999999998,1.0,0.9578504297763273,0.04214957022367276,0.8438904806530638,0.8798999999999999,0.7411015762305668
penalty removal alpha=0.0,Y* = H base rate 50%,12.184023937821076,0.41,1.0,0.4995,0.27575000000000005,0.22374999999999998,0.9698321928596032,0.5710619563520499,0.3987702365075533,0.0,0.9061,0.812268262521405
penalty removal alpha=0.0,"Y* = I committee, deserving remote refusals flipped",14.037313682442763,0.41,1.0,0.4995,0.27575000000000005,0.22374999999999998,0.9958972784072857,0.7267330303908655,0.26916424801642036,0.037731571543186626,0.944,0.8855121501052687
penalty removal alpha=0.0,Y* = J centre-only GBM,11.730735448441223,0.41,1.0,0.4995,0.27575000000000005,0.22374999999999998,0.9923971713272742,0.708027365099979,0.2843698062272952,0.0,0.8949999999999999,0.7820490298960816
penalty removal alpha=0.0,Y* = L need: R minus log income,11.358320926346932,0.41,1.0,0.4995,0.27575000000000005,0.22374999999999998,0.9368095010040782,0.6698525841002965,0.26695691690378187,0.04045661742430755,0.857,0.703279238524052
penalty removal alpha=0.25,committee (decision_octroi),29.330032694699316,0.41,1.0,0.48516666666666663,0.29725,0.18791666666666668,0.8766431242210221,0.8507435800762432,0.028303846580716874,0.8951709385899376,0.8852,0.7617742615267045
penalty removal alpha=0.25,merit soft,14.782308966723473,0.41,1.0,0.48516666666666663,0.29725,0.18791666666666668,0.8764734122017008,0.6597395734862321,0.21673383871546884,0.19728207883159699,0.8631545164150907,0.722444492672769
penalty removal alpha=0.25,Y* = A constant penalty,16.606489345496914,0.41,1.0,0.48516666666666663,0.29725,0.18791666666666668,0.9995975855130785,0.7833953500056954,0.2162022355073831,0.19925097960228472,0.9236000000000001,0.841431316896748
penalty removal alpha=0.25,Y* = B penalty growing with distance,12.076979548690801,0.41,1.0,0.48516666666666663,0.29725,0.18791666666666668,0.9995717344753746,0.6949774790014562,0.30459425547391855,0.03356774496015005,0.8845000000000001,0.76037497663252
penalty removal alpha=0.25,Y* = C merit without distance,18.71303433712641,0.41,1.0,0.48516666666666663,0.29725,0.18791666666666668,0.9996023856858847,0.807843144407516,0.1917592412783687,0.28978058785789385,0.9330999999999999,0.8611615053312356
penalty removal alpha=0.25,"Y* = D merit from R, first generation, program",21.040566625355837,0.41,1.0,0.48516666666666663,0.29725,0.18791666666666668,0.9626228654162986,0.8093832804943775,0.15323958492192113,0.4324459817706625,0.9162000000000001,0.8261097993295058
penalty removal alpha=0.25,"Y* = K constant penalty, log income",17.449417849522675,0.41,1.0,0.48516666666666663,0.29725,0.18791666666666668,1.0,0.7933647838037097,0.20663521619629038,0.23468438445818385,0.9279,0.8503820106905998
penalty removal alpha=0.25,Y* = E R score only,21.034047721988053,0.41,1.0,0.48516666666666663,0.29725,0.18791666666666668,0.9623279316279925,0.808732068191164,0.1535958634368284,0.4311264317154504,0.9168,0.8274346058452696
penalty removal alpha=0.25,Y* = F noisy Bernoulli,15.09852210771902,0.41,1.0,0.48516666666666663,0.29725,0.18791666666666668,0.9165487045819507,0.704923600758848,0.21162510382310273,0.2162033191736937,0.8638,0.7182970482830097
penalty removal alpha=0.25,Y* = G base rate 30%,29.734542891356625,0.41,1.0,0.48516666666666663,0.29725,0.18791666666666668,1.0,0.9791689629008079,0.020831037099192116,0.9228480107437329,0.8849,0.7518388450987977
penalty removal alpha=0.25,Y* = H base rate 50%,12.268367504028335,0.41,1.0,0.48516666666666663,0.29725,0.18791666666666668,0.9464977395611189,0.6156134221694227,0.3308843173916963,0.0,0.9089,0.8178911669352222
penalty removal alpha=0.25,"Y* = I committee, deserving remote refusals flipped",18.4936341223053,0.41,1.0,0.48516666666666663,0.29725,0.18791666666666668,0.9883523076464422,0.7833953500056954,0.20495695764074692,0.24090015688612265,0.9568,0.9117087323055231
penalty removal alpha=0.25,Y* = J centre-only GBM,15.215385378863417,0.41,1.0,0.48516666666666663,0.29725,0.18791666666666668,0.9903715040195147,0.7609406181825717,0.229430885836943,0.1502559783816928,0.9104000000000001,0.8140177207486372
penalty removal alpha=0.25,Y* = L need: R minus log income,14.899282655697263,0.41,1.0,0.48516666666666663,0.29725,0.18791666666666668,0.9261871157385121,0.711720423896115,0.21446669184239714,0.20567891910223285,0.8646,0.7190469515768405
penalty removal alpha=0.5,committee (decision_octroi),28.642685965935364,0.41,1.0,0.4681666666666667,0.32275,0.14541666666666667,0.8566573683898154,0.8901135268736123,0.03632234007190194,0.8654728145485114,0.8821999999999999,0.7555486449976756
penalty removal alpha=0.5,merit soft,19.732295175586692,0.41,1.0,0.4681666666666667,0.32275,0.14541666666666667,0.8583997462444554,0.7062790879622922,0.1521206582821632,0.4365901545105067,0.8685406732438441,0.7333661390251038
penalty removal alpha=0.5,Y* = A constant penalty,22.256858317681907,0.41,1.0,0.4681666666666667,0.32275,0.14541666666666667,0.9988342267344524,0.850512300085349,0.14832192664910357,0.4506595309292461,0.9436,0.8829111799397991
penalty removal alpha=0.5,Y* = B penalty growing with distance,14.381245445953619,0.41,1.0,0.4681666666666667,0.32275,0.14541666666666667,0.9991489014944023,0.754414299600305,0.2447346018940971,0.11735526514028986,0.9047000000000001,0.8022760095431881
penalty removal alpha=0.5,Y* = C merit without distance,24.520634534601005,0.41,1.0,0.4681666666666667,0.32275,0.14541666666666667,0.9988547221344828,0.8770991826661809,0.12175553946830182,0.5490535575248081,0.9531000000000001,0.9026375589403228
penalty removal alpha=0.5,"Y* = D merit from R, first generation, program",25.231383161718167,0.41,1.0,0.4681666666666667,0.32275,0.14541666666666667,0.9514549085167937,0.8521888793414387,0.09926602917535507,0.6323480400912775,0.9224,0.8389614906595076
penalty removal alpha=0.5,"Y* = K constant penalty, log income",23.12018033851316,0.41,1.0,0.4681666666666667,0.32275,0.14541666666666667,1.0,0.861354564303058,0.13864543569694204,0.4864983863076221,0.9483,0.8926808408240479
penalty removal alpha=0.5,Y* = E R score only,25.19089575666713,0.41,1.0,0.4681666666666667,0.32275,0.14541666666666667,0.9515301782311332,0.8513671408753934,0.1001630373557397,0.6290257875713345,0.9231999999999999,0.8406920003493626
penalty removal alpha=0.5,Y* = F noisy Bernoulli,19.595663204808478,0.41,1.0,0.4681666666666667,0.32275,0.14541666666666667,0.905482439662247,0.7508856451633316,0.15459679449891534,0.4274192796336469,0.8725999999999999,0.7364851741423692
penalty removal alpha=0.5,Y* = G base rate 30%,31.002022427747068,0.41,1.0,0.4681666666666667,0.32275,0.14541666666666667,0.9994871794871795,0.9942888909478367,0.005198288539342922,0.9807470794839152,0.8882999999999999,0.7591387225379178
penalty removal alpha=0.5,Y* = H base rate 50%,14.414736216922844,0.41,1.0,0.4681666666666667,0.32275,0.14541666666666667,0.9141008895397889,0.6685308078221499,0.2455700817176388,0.10671495962283939,0.9093,0.8186958016310705
penalty removal alpha=0.5,"Y* = I committee, deserving remote refusals flipped",24.993864261636816,0.41,1.0,0.4681666666666667,0.32275,0.14541666666666667,0.9722794684661007,0.850512300085349,0.12176716838075172,0.5490104874786974,0.9678000000000001,0.9342436341375244
penalty removal alpha=0.5,Y* = J centre-only GBM,20.157516116698027,0.41,1.0,0.4681666666666667,0.32275,0.14541666666666667,0.9871875355534542,0.8177555105660836,0.16943202498737056,0.3724739815282573,0.9264000000000001,0.8472024324088586
penalty removal alpha=0.5,Y* = L need: R minus log income,18.929436555732956,0.41,1.0,0.4681666666666667,0.32275,0.14541666666666667,0.9160121398309228,0.7527615370715884,0.16325060275933434,0.39536813792839137,0.8722,0.7348049198110085
penalty removal alpha=0.75,committee (decision_octroi),25.448339943909136,0.41,1.0,0.4525,0.34625,0.10625,0.8383939699685442,0.9157387625151857,0.07734479254664166,0.7135378053828086,0.8772,0.7451722557501975
penalty removal alpha=0.75,merit soft,24.084103609429953,0.41,1.0,0.4525,0.34625,0.10625,0.8405123527418242,0.7458457635781135,0.09466658916371067,0.649383003097368,0.8716930286449995,0.7397629031655063
penalty removal alpha=0.75,Y* = A constant penalty,27.423872840083952,0.41,1.0,0.4525,0.34625,0.10625,0.9976411349032078,0.9115881094114728,0.08605302549173502,0.6812850907713518,0.9614,0.9198780683104613
penalty removal alpha=0.75,Y* = B penalty growing with distance,18.40445532261209,0.41,1.0,0.4525,0.34625,0.10625,0.9982978029888046,0.8068998528919618,0.1913979500968427,0.29111870334502704,0.9223000000000001,0.8388054170474366
penalty removal alpha=0.75,Y* = C merit without distance,29.54713979136786,0.41,1.0,0.4525,0.34625,0.10625,0.9965363917534467,0.9359107754985783,0.06062561625486842,0.7754606805375244,0.9691000000000001,0.9358617453744917
penalty removal alpha=0.75,"Y* = D merit from R, first generation, program",28.287339484613263,0.41,1.0,0.4525,0.34625,0.10625,0.9406390062920694,0.8815381135741506,0.05910089271791889,0.7811078047484485,0.925,0.8443455593096193
penalty removal alpha=0.75,"Y* = K constant penalty, log income",28.3868595071944,0.41,1.0,0.4525,0.34625,0.10625,1.0,0.9245496181449203,0.07545038185507971,0.7205541412774826,0.9671,0.9317184454429832
penalty removal alpha=0.75,Y* = E R score only,28.422950810610274,0.41,1.0,0.4525,0.34625,0.10625,0.9395851355404756,0.8820487371305086,0.05753639840996698,0.7869022281112334,0.9256,0.8456604165590402
penalty removal alpha=0.75,Y* = F noisy Bernoulli,23.14186781297432,0.41,1.0,0.4525,0.34625,0.10625,0.890819219486725,0.7830069637587199,0.1078122557280051,0.6006953491555367,0.8751999999999999,0.7418640553242388
penalty removal alpha=0.75,Y* = G base rate 30%,31.20827819480864,0.41,1.0,0.4525,0.34625,0.10625,0.9994871794871795,0.9968127490039841,0.0026744304831954223,0.990094701914091,0.8888999999999999,0.7604256104351214
penalty removal alpha=0.75,Y* = H base rate 50%,19.96139425638726,0.41,1.0,0.4525,0.34625,0.10625,0.8834150653098163,0.7171079879407525,0.16630707736906375,0.3840478615960602,0.9093,0.8186958016310705
penalty removal alpha=0.75,"Y* = I committee, deserving remote refusals flipped",31.655286307210552,0.41,1.0,0.4525,0.34625,0.10625,0.9440876561066244,0.9115881094114728,0.03275208114546415,0.8786959957575402,0.97,0.93875775947065
penalty removal alpha=0.75,Y* = J centre-only GBM,23.995348070039576,0.41,1.0,0.4525,0.34625,0.10625,0.9816106980278578,0.8597000652758033,0.12191063275205431,0.5484791379553544,0.9366,0.8683843540621659
penalty removal alpha=0.75,Y* = L need: R minus log income,22.367935571200128,0.41,1.0,0.4525,0.34625,0.10625,0.9046751016554933,0.7859127436315977,0.11876235802389548,0.560139414726313,0.8768,0.7443431517782578
penalty removal alpha=0.9,committee (decision_octroi),23.072300668478686,0.41,1.0,0.44233333333333336,0.36150000000000004,0.08083333333333334,0.8259896729776248,0.9340664404507562,0.10807676747313133,0.5997156760254395,0.874,0.7385324765313264
penalty removal alpha=0.9,merit soft,26.799118901516135,0.41,1.0,0.44233333333333336,0.36150000000000004,0.08083333333333334,0.8281233246741129,0.7697087841696447,0.05841454050446813,0.7836498499834514,0.8726680790817769,0.7417414601231406
penalty removal alpha=0.9,Y* = A constant penalty,30.036691786548175,0.41,1.0,0.44233333333333336,0.36150000000000004,0.08083333333333334,0.9960473512942561,0.9417400330449878,0.05430731824926847,0.7988617842619686,0.9698,0.9372970734205867
penalty removal alpha=0.9,Y* = B penalty growing with distance,21.079998595431938,0.41,1.0,0.44233333333333336,0.36150000000000004,0.08083333333333334,0.9982978029888046,0.8384810485662468,0.1598167544225576,0.4080860947312682,0.9330999999999999,0.8612184467204382
penalty removal alpha=0.9,Y* = C merit without distance,31.744074256907872,0.41,1.0,0.44233333333333336,0.36150000000000004,0.08083333333333334,0.9942198051830985,0.960651823393151,0.033567981789947465,0.875674141518713,0.9753000000000001,0.9487060951022407
penalty removal alpha=0.9,"Y* = D merit from R, first generation, program",30.68332529311173,0.41,1.0,0.44233333333333336,0.36150000000000004,0.08083333333333334,0.9290634158157524,0.9023920420673577,0.026671373748394744,0.9012171342652046,0.9248000000000001,0.8439321738538424
penalty removal alpha=0.9,"Y* = K constant penalty, log income",31.28240867296221,0.41,1.0,0.44233333333333336,0.36150000000000004,0.08083333333333334,1.0,0.9592711372858886,0.04072886271411127,0.8491523603181065,0.9775,0.9532907644400052
penalty removal alpha=0.9,Y* = E R score only,30.85281694198354,0.41,1.0,0.44233333333333336,0.36150000000000004,0.08083333333333334,0.9272538487900288,0.9027728500942356,0.024480998695793142,0.9093296344600255,0.925,0.8444149501855358
penalty removal alpha=0.9,Y* = F noisy Bernoulli,25.389467646142567,0.41,1.0,0.44233333333333336,0.36150000000000004,0.08083333333333334,0.8828030862515117,0.804247559465306,0.07855552678620567,0.7090536044955346,0.8778,0.7472263704154585
penalty removal alpha=0.9,Y* = G base rate 30%,31.273715866736257,0.41,1.0,0.44233333333333336,0.36150000000000004,0.08083333333333334,0.9994871794871795,0.9976095617529881,0.001877617734191439,0.9930458602437355,0.8891,0.7608532441241034
penalty removal alpha=0.9,Y* = H base rate 50%,23.77655695352526,0.41,1.0,0.44233333333333336,0.36150000000000004,0.08083333333333334,0.8634950501056071,0.7486926691479064,0.11480238095770075,0.5748059964529603,0.9093,0.8186958016310705
penalty removal alpha=0.9,"Y* = I committee, deserving remote refusals flipped",32.474302961059635,0.41,1.0,0.44233333333333336,0.36150000000000004,0.08083333333333334,0.9228174592505493,0.9417400330449878,0.0204490535452174,0.924262764647343,0.967,0.932603177874185
penalty removal alpha=0.9,Y* = J centre-only GBM,26.593038006931444,0.41,1.0,0.44233333333333336,0.36150000000000004,0.08083333333333334,0.9750773252715021,0.8861349509218108,0.08894237434969136,0.6705837987048467,0.9416,0.8787574688556337
penalty removal alpha=0.9,Y* = L need: R minus log income,24.73938865057094,0.41,1.0,0.44233333333333336,0.36150000000000004,0.08083333333333334,0.8932580394000891,0.8062578138364561,0.08700022556363296,0.677776942356915,0.8774,0.7455899868955095
penalty removal alpha=1.0,committee (decision_octroi),21.749822827376185,0.41,1.0,0.43433333333333335,0.37350000000000005,0.06083333333333333,0.8156495934476823,0.9395626492396632,0.12391305579198082,0.541062756325997,0.8692,0.728571180057083
penalty removal alpha=1.0,merit soft,28.90070797432162,0.41,1.0,0.43433333333333335,0.37350000000000005,0.06083333333333333,0.8178538899405197,0.787719546670293,0.030134343270226727,0.8883913212213825,0.8728902306063256,0.7421921033262644
penalty removal alpha=1.0,Y* = A constant penalty,31.627661194817108,0.41,1.0,0.43433333333333335,0.37350000000000005,0.06083333333333333,0.9937316791018957,0.9591435737848035,0.0345881053170922,0.8718959062329918,0.974,0.9459828713438183
penalty removal alpha=1.0,Y* = B penalty growing with distance,22.976651438902753,0.41,1.0,0.43433333333333335,0.37350000000000005,0.06083333333333333,0.997874970007832,0.8605564431968297,0.13731852681100218,0.4914128636629549,0.9404999999999999,0.8765596110429102
penalty removal alpha=1.0,Y* = C merit without distance,33.219337259259724,0.41,1.0,0.43433333333333335,0.37350000000000005,0.06083333333333333,0.9908162729428194,0.9759914591659719,0.014824813776847478,0.9450932823079723,0.9781000000000001,0.9544981075400185
penalty removal alpha=1.0,"Y* = D merit from R, first generation, program",31.451165827411067,0.41,1.0,0.43433333333333335,0.37350000000000005,0.06083333333333333,0.9209905695123808,0.9135808439157348,0.015881812011468453,0.9411784740315984,0.9238,0.8418397564519401
penalty removal alpha=1.0,"Y* = K constant penalty, log income",32.97542072553982,0.41,1.0,0.43433333333333335,0.37350000000000005,0.06083333333333333,0.9988614800759013,0.9787262083949061,0.020135271680995225,0.9254249197000177,0.9829000000000001,0.9644614887692982
penalty removal alpha=1.0,Y* = E R score only,31.752431064408135,0.41,1.0,0.43433333333333335,0.37350000000000005,0.06083333333333333,0.9191716089260875,0.9139422803441921,0.01191225045054498,0.9558805538868704,0.924,0.8423213324447151
penalty removal alpha=1.0,Y* = F noisy Bernoulli,27.468604712843216,0.41,1.0,0.43433333333333335,0.37350000000000005,0.06083333333333333,0.8722067440637261,0.8217135594143452,0.05049318464938093,0.8129882050022929,0.8778,0.7472560408531572
penalty removal alpha=1.0,Y* = G base rate 30%,31.339153538663872,0.41,1.0,0.43433333333333335,0.37350000000000005,0.06083333333333333,0.9994871794871795,0.998406374501992,0.0010808049851874558,0.9959970185733799,0.8893000000000001,0.7612808778130853
penalty removal alpha=1.0,Y* = H base rate 50%,26.774256487880592,0.41,1.0,0.43433333333333335,0.37350000000000005,0.06083333333333333,0.8478607827105062,0.7735273454666023,0.07433343724390377,0.7246909731707267,0.9093,0.8186958016310705
penalty removal alpha=1.0,"Y* = I committee, deserving remote refusals flipped",29.932892598539905,0.41,1.0,0.43433333333333335,0.37350000000000005,0.06083333333333333,0.906129032352464,0.9591435737848035,0.053014541432339635,0.8036498465468902,0.9628,0.9239930445068067
penalty removal alpha=1.0,Y* = J centre-only GBM,28.525211796768225,0.41,1.0,0.43433333333333335,0.37350000000000005,0.06083333333333333,0.9686200157800862,0.9046685180411476,0.06395149773893857,0.7631426009668942,0.9442,0.8841573184953561
penalty removal alpha=1.0,Y* = L need: R minus log income,26.593532410383023,0.41,1.0,0.43433333333333335,0.37350000000000005,0.06083333333333333,0.8859300591760612,0.823288357878376,0.06264170129768501,0.7679936988974629,0.8789999999999999,0.7489105621622512
penalty removal alpha=1.1,committee (decision_octroi),20.645638359320884,0.41,1.0,0.42816666666666664,0.38275,0.04541666666666668,0.8063457771974598,0.9432323740103055,0.1368865968128456,0.49301260439686817,0.8646,0.719025751425568
penalty removal alpha=1.1,merit soft,30.100305824497525,0.41,1.0,0.42816666666666664,0.38275,0.04541666666666668,0.8098254215428294,0.8009529932612665,0.0138787538377805,0.9485972080082204,0.8727417121214807,0.7418907776222078
penalty removal alpha=1.1,Y* = A constant penalty,32.76727369435537,0.41,1.0,0.42816666666666664,0.38275,0.04541666666666668,0.9901204729911159,0.9702461913905294,0.019874281600586463,0.9263915496274576,0.9756,0.9492961801204144
penalty removal alpha=1.1,Y* = B penalty growing with distance,24.63831142660474,0.41,1.0,0.42816666666666664,0.38275,0.04541666666666668,0.9965637022757011,0.8792406226702143,0.11732307960548685,0.5654700755352339,0.9462999999999999,0.8885939943933374
penalty removal alpha=1.1,Y* = C merit without distance,33.85302447412894,0.41,1.0,0.42816666666666664,0.38275,0.04541666666666668,0.9865190782509661,0.9847202177705354,0.006438009547264878,0.9761555201953153,0.9785,0.9553276046815089
penalty removal alpha=1.1,"Y* = D merit from R, first generation, program",31.473127114925127,0.41,1.0,0.42816666666666664,0.38275,0.04541666666666668,0.9141380857767345,0.9243675447495404,0.015334860817338192,0.9432042191950437,0.9231999999999999,0.8406028487349498
penalty removal alpha=1.1,"Y* = K constant penalty, log income",33.905019899093965,0.41,1.0,0.42816666666666664,0.38275,0.04541666666666668,0.9969639468690701,0.9885387186699447,0.008425228199125456,0.9687954511143502,0.9849,0.9686073917871305
penalty removal alpha=1.1,Y* = E R score only,31.550283337290757,0.41,1.0,0.42816666666666664,0.38275,0.04541666666666668,0.9123508121435675,0.9246719339263818,0.0143911149365334,0.9466995743091356,0.9234,0.8410861234072031
penalty removal alpha=1.1,Y* = F noisy Bernoulli,28.758716054419835,0.41,1.0,0.42816666666666664,0.38275,0.04541666666666668,0.8654826319560913,0.8345205590466509,0.03332823676628742,0.8765620860507873,0.8784000000000001,0.7484982888936058
penalty removal alpha=1.1,Y* = G base rate 30%,31.40459121059149,0.41,1.0,0.42816666666666664,0.38275,0.04541666666666668,0.9994871794871795,0.999203187250996,0.00028399223618347236,0.9989481769030242,0.8895,0.7617085115020674
penalty removal alpha=1.1,Y* = H base rate 50%,29.090746525578822,0.41,1.0,0.42816666666666664,0.38275,0.04541666666666668,0.8357897437098678,0.7927289219748902,0.043060821734977675,0.8405154750556383,0.9093,0.8186958016310705
penalty removal alpha=1.1,"Y* = I committee, deserving remote refusals flipped",28.031738554174034,0.41,1.0,0.42816666666666664,0.38275,0.04541666666666668,0.8932262676138641,0.9702461913905294,0.07701992377666514,0.7147410230493885,0.9588000000000001,0.915794539545751
penalty removal alpha=1.1,Y* = J centre-only GBM,29.684240276244942,0.41,1.0,0.42816666666666664,0.38275,0.04541666666666668,0.9645563647332842,0.9156616283410903,0.048894736392193903,0.8189083837326152,0.9456,0.8870715067728426
penalty removal alpha=1.1,Y* = L need: R minus log income,28.058844848516344,0.41,1.0,0.42816666666666664,0.38275,0.04541666666666668,0.8786834373201685,0.8357392718545562,0.042944165465612284,0.8409475353125471,0.8792,0.7493262761510269
penalty removal alpha=1.25,committee (decision_octroi),18.75222509218629,0.41,1.0,0.4173333333333334,0.399,0.019999999999999997,0.789806516707223,0.9487243936156844,0.15891787690846132,0.4114152707094025,0.8562,0.7015946451998827
penalty removal alpha=1.25,merit soft,29.03047955211045,0.41,1.0,0.4173333333333334,0.399,0.019999999999999997,0.7951256166345575,0.8230530175666697,0.027927400932112212,0.8965651817329178,0.8717824511364111,0.739945061163473
penalty removal alpha=1.25,Y* = A constant penalty,33.83476401088274,0.41,1.0,0.4173333333333334,0.399,0.019999999999999997,0.9851043728065887,0.9845081286714625,0.006222340260670811,0.9769542953308488,0.9774,0.953045206951051
penalty removal alpha=1.25,Y* = B penalty growing with distance,26.810683419022087,0.41,1.0,0.4173333333333334,0.399,0.019999999999999997,0.9965637022757011,0.904873047195917,0.09169065507978413,0.6604049811859847,0.9551000000000001,0.9068389196868261
penalty removal alpha=1.25,Y* = C merit without distance,33.08978990801251,0.41,1.0,0.4173333333333334,0.399,0.019999999999999997,0.9769320009573945,0.9913656430417653,0.015489157585452374,0.9426327496835099,0.9755,0.9491423276228211
penalty removal alpha=1.25,"Y* = D merit from R, first generation, program",29.372377447063904,0.41,1.0,0.4173333333333334,0.399,0.019999999999999997,0.8980785902001267,0.9400974035766417,0.04201881337651485,0.8443747652721673,0.9192,0.8323254761080374
penalty removal alpha=1.25,"Y* = K constant penalty, log income",33.83944298561711,0.41,1.0,0.4173333333333334,0.399,0.019999999999999997,0.9896742402400539,0.9987341772151899,0.009059936975135918,0.966444677869867,0.9843,0.967369961881318
penalty removal alpha=1.25,Y* = E R score only,29.103673807792354,0.41,1.0,0.4173333333333334,0.399,0.019999999999999997,0.8959023232839953,0.941730352961223,0.045828029677227614,0.8302665567510088,0.9196,0.8332228448514784
penalty removal alpha=1.25,Y* = F noisy Bernoulli,28.99187931859215,0.41,1.0,0.4173333333333334,0.399,0.019999999999999997,0.8504465023848116,0.8581451336535286,0.030094919878072602,0.8885373337849163,0.8782,0.7480755095262549
penalty removal alpha=1.25,Y* = G base rate 30%,31.39405547321237,0.41,1.0,0.4173333333333334,0.399,0.019999999999999997,0.9994871794871795,1.0,0.000512820512820511,0.9981006647673315,0.8897,0.7621361451910494
penalty removal alpha=1.25,Y* = H base rate 50%,30.61361292335061,0.41,1.0,0.4173333333333334,0.399,0.019999999999999997,0.8146402668058492,0.8263915696544165,0.022502125365058512,0.9166587949442278,0.9093,0.8186958016310705
penalty removal alpha=1.25,"Y* = I committee, deserving remote refusals flipped",25.03851187999749,0.41,1.0,0.4173333333333334,0.399,0.019999999999999997,0.8706424166304985,0.9845081286714625,0.11386571204096416,0.5782751405890216,0.9502,0.8982006045478037
penalty removal alpha=1.25,Y* = J centre-only GBM,30.729973747788204,0.41,1.0,0.4173333333333334,0.399,0.019999999999999997,0.95651132567857,0.9336192815559741,0.03545151603690659,0.8686980887521978,0.9471999999999999,0.8904007981829499
penalty removal alpha=1.25,Y* = L need: R minus log income,29.799667340252142,0.41,1.0,0.4173333333333334,0.399,0.019999999999999997,0.8648912053205849,0.8579641971940424,0.01944549891826597,0.927979633636052,0.8792,0.7493383111687401
penalty removal alpha=1.5,committee (decision_octroi),15.78423538238398,0.41,1.0,0.3983333333333333,0.42750000000000005,0.029166666666666674,0.7636180188735237,0.956972895982573,0.19335487710904933,0.28387082552203957,0.8427999999999999,0.6737879247962126
penalty removal alpha=1.5,merit soft,24.339912391888003,0.41,1.0,0.3983333333333333,0.42750000000000005,0.029166666666666674,0.7680494336864536,0.8577022737757212,0.08965284008926748,0.6679524441138242,0.8678937769692274,0.7320575673074347
penalty removal alpha=1.5,Y* = A constant penalty,31.4433285281411,0.41,1.0,0.3983333333333333,0.42750000000000005,0.029166666666666674,0.9587702498772716,0.9928277318274276,0.03405748195015597,0.8738611779623854,0.9667999999999999,0.931073664592893
penalty removal alpha=1.5,Y* = B penalty growing with distance,29.899031915418654,0.41,1.0,0.3983333333333333,0.42750000000000005,0.029166666666666674,0.9913408476919251,0.9380986814307908,0.05385970894423138,0.8005195965028469,0.9643,0.9259093323574479
penalty removal alpha=1.5,Y* = C merit without distance,29.97264614074125,0.41,1.0,0.3983333333333333,0.42750000000000005,0.029166666666666674,0.944712385582207,0.9959844431707632,0.05127205758855626,0.8101034904127546,0.9605,0.918038422165744
penalty removal alpha=1.5,"Y* = D merit from R, first generation, program",25.81186304138179,0.41,1.0,0.3983333333333333,0.42750000000000005,0.029166666666666674,0.8715563403405653,0.9579436381024516,0.08638729776188618,0.6800470453263474,0.9103999999999999,0.8140614756569896
penalty removal alpha=1.5,"Y* = K constant penalty, log income",30.74702103748722,0.41,1.0,0.3983333333333333,0.42750000000000005,0.029166666666666674,0.9561577274570665,1.0,0.04384227254293349,0.83762121280395,0.9677,0.9329731187605477
penalty removal alpha=1.5,Y* = E R score only,25.438719360954956,0.41,1.0,0.3983333333333333,0.42750000000000005,0.029166666666666674,0.868677295028009,0.9602011972469777,0.09152390221896864,0.6610225843741903,0.9106,0.8145511782314102
penalty removal alpha=1.5,Y* = F noisy Bernoulli,27.016124973907154,0.41,1.0,0.3983333333333333,0.42750000000000005,0.029166666666666674,0.825554939172112,0.8798931016616047,0.05433816248949279,0.7987475463352119,0.8724000000000001,0.7360782698135275
penalty removal alpha=1.5,Y* = G base rate 30%,31.302282996487623,0.41,1.0,0.3983333333333333,0.42750000000000005,0.029166666666666674,0.9984230948114081,1.0,0.001576905188591815,0.994159610412623,0.8893000000000001,0.7612727192156776
penalty removal alpha=1.5,Y* = H base rate 50%,24.298901995306352,0.41,1.0,0.3983333333333333,0.42750000000000005,0.029166666666666674,0.7775506503656963,0.8853013732593522,0.10775072289365603,0.6009232485420147,0.9093,0.8186958016310705
penalty removal alpha=1.5,"Y* = I committee, deserving remote refusals flipped",20.861655767963153,0.41,1.0,0.3983333333333333,0.42750000000000005,0.029166666666666674,0.8309457698833672,0.9928277318274276,0.16188196194406043,0.4004371779849614,0.93,0.8568608138842617
penalty removal alpha=1.5,Y* = J centre-only GBM,30.540604312644184,0.41,1.0,0.3983333333333333,0.42750000000000005,0.029166666666666674,0.9295891635825452,0.9613503483224897,0.03607662270552361,0.8663828788684311,0.9426,0.8808631156850375
penalty removal alpha=1.5,Y* = L need: R minus log income,27.617034142903343,0.41,1.0,0.3983333333333333,0.42750000000000005,0.029166666666666674,0.8425905560903884,0.8911658094145316,0.04857525332414325,0.820091654355025,0.8784000000000001,0.747680070386856
group threshold offset=-1.0,committee (decision_octroi),28.79927811698611,0.41,1.0,0.4693333333333333,0.321,0.14833333333333334,0.8576900706273369,0.8892002848644799,0.034376395825248006,0.8726800154620445,0.8826,0.7563785205163478
group threshold offset=-1.0,merit soft,19.4021550961133,0.41,1.0,0.4693333333333333,0.321,0.14833333333333334,0.8596863398275328,0.7032336979373014,0.15645264189023145,0.42054577077692057,0.8682364768969929,0.7327493120383259
group threshold offset=-1.0,Y* = A constant penalty,21.86739745758026,0.41,1.0,0.4693333333333333,0.321,0.14833333333333334,0.9988342267344524,0.8458431257643164,0.15299110097013605,0.43336629270319993,0.9422,0.8800047735677508
group threshold offset=-1.0,Y* = B penalty growing with distance,14.210494445424661,0.41,1.0,0.4693333333333333,0.321,0.14833333333333334,0.9991489014944023,0.7504682515223556,0.24868064997204659,0.11099365098591181,0.9033,0.7993747617137615
group threshold offset=-1.0,Y* = C merit without distance,24.119089559470492,0.41,1.0,0.4693333333333333,0.321,0.14833333333333334,0.9988547221344828,0.8722670460910322,0.12658767604345061,0.5311567553946273,0.9517,0.8997302967718632
group threshold offset=-1.0,"Y* = D merit from R, first generation, program",24.965451431269255,0.41,1.0,0.4693333333333333,0.321,0.14833333333333334,0.9529822184773623,0.8500427398676216,0.10293947860974073,0.618742671815775,0.9226000000000001,0.8393731996635836
group threshold offset=-1.0,"Y* = K constant penalty, log income",22.729298374231725,0.41,1.0,0.4693333333333333,0.321,0.14833333333333334,1.0,0.8566659198613096,0.1433340801386904,0.4691330365233689,0.9469,0.889775842917623
group threshold offset=-1.0,Y* = E R score only,24.94651688924609,0.41,1.0,0.4693333333333333,0.321,0.14833333333333334,0.9526903624065846,0.8492282103406608,0.10346215206592368,0.6168068442002828,0.9231999999999999,0.8406920003493626
group threshold offset=-1.0,Y* = F noisy Bernoulli,19.257792386122397,0.41,1.0,0.4693333333333333,0.321,0.14833333333333334,0.9066682196941809,0.7476772224479421,0.15899099724623872,0.4111444546435604,0.8722,0.7356602195500793
group threshold offset=-1.0,Y* = G base rate 30%,31.002022427747068,0.41,1.0,0.4693333333333333,0.321,0.14833333333333334,0.9994871794871795,0.9942888909478367,0.005198288539342922,0.9807470794839152,0.8882999999999999,0.7591387225379178
group threshold offset=-1.0,Y* = H base rate 50%,14.229164912824578,0.41,1.0,0.4693333333333333,0.321,0.14833333333333334,0.9163723765370431,0.6649841003667302,0.2513882761703129,0.09743639441792609,0.9093,0.8186958016310705
group threshold offset=-1.0,"Y* = I committee, deserving remote refusals flipped",24.50684900080405,0.41,1.0,0.4693333333333333,0.321,0.14833333333333334,0.9740187815375115,0.8458431257643164,0.1281756557731951,0.5252753489881663,0.9673999999999999,0.933422801402715
group threshold offset=-1.0,Y* = J centre-only GBM,19.840270567277088,0.41,1.0,0.4693333333333333,0.321,0.14833333333333334,0.9871875355534542,0.8139769706346774,0.17321056491877673,0.35847938918971584,0.9252,0.8447121855655182
group threshold offset=-1.0,Y* = L need: R minus log income,18.622965738681593,0.41,1.0,0.4693333333333333,0.321,0.14833333333333334,0.9176218181049549,0.7502337189777326,0.1673880991272222,0.3800440773065845,0.8722,0.73480561283666
group threshold offset=-0.5,committee (decision_octroi),25.48006283097872,0.41,1.0,0.45266666666666666,0.346,0.10666666666666666,0.8387382040477179,0.9157387625151857,0.07700055846746783,0.7148127464167858,0.8774000000000001,0.7455871935095336
group threshold offset=-0.5,merit soft,24.03869220760837,0.41,1.0,0.45266666666666666,0.346,0.10666666666666666,0.8407187781600838,0.7454479471718422,0.09527083098824166,0.6471450704139199,0.8716715958073269,0.7397193866219982
group threshold offset=-0.5,Y* = A constant penalty,27.370328697010166,0.41,1.0,0.45266666666666666,0.346,0.10666666666666666,0.9976411349032078,0.91094913177569,0.08669200312751775,0.6789185069351195,0.9612,0.919463903887185
group threshold offset=-0.5,Y* = B penalty growing with distance,18.35604465559514,0.41,1.0,0.45266666666666666,0.346,0.10666666666666666,0.9982978029888046,0.8063300523221612,0.19196775066664326,0.28900833086428424,0.9221,0.8383918692206305
group threshold offset=-0.5,Y* = C merit without distance,29.49251173946135,0.41,1.0,0.45266666666666666,0.346,0.10666666666666666,0.9965363917534467,0.9352571807273364,0.06127921102611027,0.7730399591625545,0.9689,0.9354475037473506
group threshold offset=-0.5,"Y* = D merit from R, first generation, program",28.229487708570975,0.41,1.0,0.45266666666666666,0.346,0.10666666666666666,0.9406390062920694,0.8808412494626523,0.05979775682941715,0.7785268265577143,0.9248000000000001,0.8439300784944461
group threshold offset=-0.5,"Y* = K constant penalty, log income",28.333315364120615,0.41,1.0,0.45266666666666666,0.346,0.10666666666666666,1.0,0.9239106405091375,0.07608935949086244,0.7181875574412502,0.9669000000000001,0.9313042810197072
group threshold offset=-0.5,Y* = E R score only,28.365634195051985,0.41,1.0,0.45266666666666666,0.346,0.10666666666666666,0.9395851355404756,0.8813590819580949,0.058226053582380775,0.784347949694886,0.9254,0.8452450134102844
group threshold offset=-0.5,Y* = F noisy Bernoulli,23.118680021663586,0.41,1.0,0.45266666666666666,0.346,0.10666666666666666,0.8912160448835504,0.7830069637587199,0.10820908112483049,0.5992256254635908,0.8754,0.7422778341594514
group threshold offset=-0.5,Y* = G base rate 30%,31.20827819480864,0.41,1.0,0.45266666666666666,0.346,0.10666666666666666,0.9994871794871795,0.9968127490039841,0.0026744304831954223,0.990094701914091,0.8888999999999999,0.7604256104351214
group threshold offset=-0.5,Y* = H base rate 50%,19.89987012874634,0.41,1.0,0.45266666666666666,0.346,0.10666666666666666,0.8837418626954372,0.716604209603221,0.16713765309221615,0.38097165521401427,0.9093,0.8186958016310705
group threshold offset=-0.5,"Y* = I committee, deserving remote refusals flipped",31.58187221003729,0.41,1.0,0.45266666666666666,0.346,0.10666666666666666,0.9444397687826805,0.91094913177569,0.03374317145730321,0.875025290898877,0.97,0.93875775947065
group threshold offset=-0.5,Y* = J centre-only GBM,23.943535305910558,0.41,1.0,0.45266666666666666,0.346,0.10666666666666666,0.9816106980278578,0.8590846806604189,0.12252601736743893,0.5461999356761521,0.9364000000000001,0.8679691061591678
group threshold offset=-0.5,Y* = L need: R minus log income,22.314216480551778,0.41,1.0,0.45266666666666666,0.346,0.10666666666666666,0.9046751016554933,0.785271717990572,0.11940338366492113,0.5577652456854774,0.8766,0.7439274377894821
group threshold offset=-0.25,committee (decision_octroi),23.38619351732998,0.41,1.0,0.44366666666666665,0.3595,0.08416666666666667,0.828056264466734,0.932231578065435,0.10417531359870111,0.6141655051899959,0.8747999999999999,0.7401922275686708
group threshold offset=-0.25,merit soft,26.44652949575438,0.41,1.0,0.44366666666666665,0.3595,0.08416666666666667,0.8297890339942343,0.7666474661549676,0.06314156783926672,0.7661423413360492,0.8725879053517455,0.7415788446022262
group threshold offset=-0.25,Y* = A constant penalty,29.70722588646355,0.41,1.0,0.44366666666666665,0.3595,0.08416666666666667,0.9960473512942561,0.9377956319400781,0.05825171935417821,0.7842528912808214,0.9686,0.9348112040564744
group threshold offset=-0.25,Y* = B penalty growing with distance,20.687185091620105,0.41,1.0,0.44366666666666665,0.3595,0.08416666666666667,0.9982978029888046,0.8338501144660084,0.16444768852279595,0.3909344869526076,0.9315,0.8578996901711969
group threshold offset=-0.25,Y* = C merit without distance,31.465383240624675,0.41,1.0,0.44366666666666665,0.3595,0.08416666666666667,0.9942198051830985,0.95730849577084,0.03691130941225855,0.8632914466212647,0.9743,0.9466369538799588
group threshold offset=-0.25,"Y* = D merit from R, first generation, program",30.338363309265645,0.41,1.0,0.44366666666666665,0.3595,0.08416666666666667,0.9309758041322747,0.8995633087368852,0.031412495395389484,0.8836574244615205,0.925,0.8443476546690158
group threshold offset=-0.25,"Y* = K constant penalty, log income",30.89313600225762,0.41,1.0,0.44366666666666665,0.3595,0.08416666666666667,1.0,0.9546039219759909,0.045396078024009134,0.8318663776888551,0.9761,0.9503872298987011
group threshold offset=-0.25,Y* = E R score only,30.50949411298551,0.41,1.0,0.44366666666666665,0.3595,0.08416666666666667,0.9291621939670713,0.8999622179421817,0.029199976024889662,0.8918519406485569,0.9252,0.8448303533342918
group threshold offset=-0.25,Y* = F noisy Bernoulli,24.972148694385783,0.41,1.0,0.44366666666666665,0.3595,0.08416666666666667,0.8843864681738122,0.8003651284737033,0.08402133970010875,0.6888098529625603,0.8774,0.7463967756756384
group threshold offset=-0.25,Y* = G base rate 30%,31.20827819480864,0.41,1.0,0.44366666666666665,0.3595,0.08416666666666667,0.9994871794871795,0.9968127490039841,0.0026744304831954223,0.990094701914091,0.8888999999999999,0.7604256104351214
group threshold offset=-0.25,Y* = H base rate 50%,23.278445005416298,0.41,1.0,0.44366666666666665,0.3595,0.08416666666666667,0.8660933109083027,0.744566418651131,0.1215268922571717,0.5499003990475122,0.9093,0.8186958016310705
group threshold offset=-0.25,"Y* = I committee, deserving remote refusals flipped",32.83510080914533,0.41,1.0,0.44366666666666665,0.3595,0.08416666666666667,0.9256047614658043,0.9377956319400781,0.01574448587845336,0.9416870893390616,0.9673999999999999,0.9334239348242732
group threshold offset=-0.25,Y* = J centre-only GBM,26.2218581764054,0.41,1.0,0.44366666666666665,0.3595,0.08416666666666667,0.9758880541077086,0.8822707263742083,0.09361732773350029,0.6532691565425915,0.9408,0.8770983363702383
group threshold offset=-0.25,Y* = L need: R minus log income,24.42373107497631,0.41,1.0,0.44366666666666665,0.3595,0.08416666666666667,0.8948893054622336,0.8036275297552444,0.09126177570698905,0.6619934233074479,0.8774,0.7455908405884898
group threshold offset=+0.0,committee (decision_octroi),21.749822827376185,0.41,1.0,0.43433333333333335,0.37350000000000005,0.06083333333333333,0.8156495934476823,0.9395626492396632,0.12391305579198082,0.541062756325997,0.8692,0.728571180057083
group threshold offset=+0.0,merit soft,28.90070797432162,0.41,1.0,0.43433333333333335,0.37350000000000005,0.06083333333333333,0.8178538899405197,0.787719546670293,0.030134343270226727,0.8883913212213825,0.8728902306063256,0.7421921033262644
group threshold offset=+0.0,Y* = A constant penalty,31.627661194817108,0.41,1.0,0.43433333333333335,0.37350000000000005,0.06083333333333333,0.9937316791018957,0.9591435737848035,0.0345881053170922,0.8718959062329918,0.974,0.9459828713438183
group threshold offset=+0.0,Y* = B penalty growing with distance,22.976651438902753,0.41,1.0,0.43433333333333335,0.37350000000000005,0.06083333333333333,0.997874970007832,0.8605564431968297,0.13731852681100218,0.4914128636629549,0.9404999999999999,0.8765596110429102
group threshold offset=+0.0,Y* = C merit without distance,33.219337259259724,0.41,1.0,0.43433333333333335,0.37350000000000005,0.06083333333333333,0.9908162729428194,0.9759914591659719,0.014824813776847478,0.9450932823079723,0.9781000000000001,0.9544981075400185
group threshold offset=+0.0,"Y* = D merit from R, first generation, program",31.451165827411067,0.41,1.0,0.43433333333333335,0.37350000000000005,0.06083333333333333,0.9209905695123808,0.9135808439157348,0.015881812011468453,0.9411784740315984,0.9238,0.8418397564519401
group threshold offset=+0.0,"Y* = K constant penalty, log income",32.97542072553982,0.41,1.0,0.43433333333333335,0.37350000000000005,0.06083333333333333,0.9988614800759013,0.9787262083949061,0.020135271680995225,0.9254249197000177,0.9829000000000001,0.9644614887692982
group threshold offset=+0.0,Y* = E R score only,31.752431064408135,0.41,1.0,0.43433333333333335,0.37350000000000005,0.06083333333333333,0.9191716089260875,0.9139422803441921,0.01191225045054498,0.9558805538868704,0.924,0.8423213324447151
group threshold offset=+0.0,Y* = F noisy Bernoulli,27.468604712843216,0.41,1.0,0.43433333333333335,0.37350000000000005,0.06083333333333333,0.8722067440637261,0.8217135594143452,0.05049318464938093,0.8129882050022929,0.8778,0.7472560408531572
group threshold offset=+0.0,Y* = G base rate 30%,31.339153538663872,0.41,1.0,0.43433333333333335,0.37350000000000005,0.06083333333333333,0.9994871794871795,0.998406374501992,0.0010808049851874558,0.9959970185733799,0.8893000000000001,0.7612808778130853
group threshold offset=+0.0,Y* = H base rate 50%,26.774256487880592,0.41,1.0,0.43433333333333335,0.37350000000000005,0.06083333333333333,0.8478607827105062,0.7735273454666023,0.07433343724390377,0.7246909731707267,0.9093,0.8186958016310705
group threshold offset=+0.0,"Y* = I committee, deserving remote refusals flipped",29.932892598539905,0.41,1.0,0.43433333333333335,0.37350000000000005,0.06083333333333333,0.906129032352464,0.9591435737848035,0.053014541432339635,0.8036498465468902,0.9628,0.9239930445068067
group threshold offset=+0.0,Y* = J centre-only GBM,28.525211796768225,0.41,1.0,0.43433333333333335,0.37350000000000005,0.06083333333333333,0.9686200157800862,0.9046685180411476,0.06395149773893857,0.7631426009668942,0.9442,0.8841573184953561
group threshold offset=+0.0,Y* = L need: R minus log income,26.593532410383023,0.41,1.0,0.43433333333333335,0.37350000000000005,0.06083333333333333,0.8859300591760612,0.823288357878376,0.06264170129768501,0.7679936988974629,0.8789999999999999,0.7489105621622512
group threshold offset=+0.1,committee (decision_octroi),21.11837708698216,0.41,1.0,0.43083333333333335,0.37875000000000003,0.05208333333333333,0.8101365066176035,0.9413975116249842,0.13126100500738086,0.5138481296022931,0.8664,0.7227609663290866
group threshold offset=+0.1,merit soft,29.75636090339591,0.41,1.0,0.43083333333333335,0.37875000000000003,0.05208333333333333,0.8133080077237402,0.7953048822311581,0.018563947485953646,0.9312446389409125,0.8728438106591563,0.742097874971844
group threshold offset=+0.1,Y* = A constant penalty,32.30357424119302,0.41,1.0,0.43083333333333335,0.37875000000000003,0.05208333333333333,0.9925226219621281,0.9663867035248905,0.02613591843723757,0.9032003020843054,0.9756,0.9493045466337943
group threshold offset=+0.1,Y* = B penalty growing with distance,23.997570413383222,0.41,1.0,0.43083333333333335,0.37875000000000003,0.05208333333333333,0.9974334689040791,0.8723001359535303,0.12513333295054882,0.5365432112942636,0.9442999999999999,0.8844470791665298
group threshold offset=+0.1,Y* = C merit without distance,33.73739433454934,0.41,1.0,0.43083333333333335,0.37875000000000003,0.05208333333333333,0.9896345413401816,0.9813832357285275,0.008251305611654037,0.9694396088457259,0.9791000000000001,0.9565734771756554
group threshold offset=+0.1,"Y* = D merit from R, first generation, program",31.510412566851926,0.41,1.0,0.43083333333333335,0.37875000000000003,0.05208333333333333,0.9171773052466656,0.9201315798812532,0.015000127471561186,0.9444439723275512,0.9236000000000001,0.8414355413533935
group threshold offset=+0.1,"Y* = K constant penalty, log income",33.62649397073766,0.41,1.0,0.43083333333333335,0.37875000000000003,0.05208333333333333,0.9981024667931688,0.9860010068569469,0.012101459936222048,0.9551797780139925,0.9846999999999999,0.9681932273638545
group threshold offset=+0.1,Y* = E R score only,31.720735234767858,0.41,1.0,0.43083333333333335,0.37875000000000003,0.05208333333333333,0.9153755319188118,0.9204493788698007,0.012258414628488779,0.9545984643389305,0.9238,0.8419177298659498
group threshold offset=+0.1,Y* = F noisy Bernoulli,28.349113545858433,0.41,1.0,0.43083333333333335,0.37875000000000003,0.05208333333333333,0.8690189893001575,0.8313642368872136,0.03919275891989458,0.8548416336300202,0.8792,0.7501520582172022
group threshold offset=+0.1,Y* = G base rate 30%,31.339153538663872,0.41,1.0,0.43083333333333335,0.37875000000000003,0.05208333333333333,0.9994871794871795,0.998406374501992,0.0010808049851874558,0.9959970185733799,0.8893000000000001,0.7612808778130853
group threshold offset=+0.1,Y* = H base rate 50%,28.088444980096597,0.41,1.0,0.43083333333333335,0.37875000000000003,0.05208333333333333,0.8410034276449728,0.7844115350459852,0.05659189259898769,0.790400397781527,0.9093,0.8186958016310705
group threshold offset=+0.1,"Y* = I committee, deserving remote refusals flipped",28.791435987168562,0.41,1.0,0.43083333333333335,0.37875000000000003,0.05208333333333333,0.8987921530638243,0.9663867035248905,0.06759455046106633,0.7496498131071618,0.9608000000000001,0.9198959816683552
group threshold offset=+0.1,Y* = J centre-only GBM,29.184611801902783,0.41,1.0,0.43083333333333335,0.37875000000000003,0.05208333333333333,0.966594084813645,0.9111222509624713,0.05547183385117345,0.7945487635141724,0.9452,0.8862424354412889
group threshold offset=+0.1,Y* = L need: R minus log income,27.379642525035216,0.41,1.0,0.43083333333333335,0.37875000000000003,0.05208333333333333,0.8819096631684818,0.829879298220963,0.05203036494751885,0.807294944638819,0.8789999999999999,0.7489162421505888
group threshold offset=+0.2,committee (decision_octroi),20.55046969811213,0.41,1.0,0.42750000000000005,0.38375,0.04375,0.8053130749599383,0.9432323740103055,0.13791929905036712,0.48918778129493656,0.8640000000000001,0.7177809381475597
group threshold offset=+0.2,merit soft,30.2030019719429,0.41,1.0,0.42750000000000005,0.38375,0.04375,0.8089101597125069,0.8023654705803882,0.012477723951318609,0.9537862075877088,0.8727060797794399,0.7418185213459146
group threshold offset=+0.2,Y* = A constant penalty,32.84441385159272,0.41,1.0,0.42750000000000005,0.38375,0.04375,0.9897180585041943,0.9708851690263121,0.018832889477882177,0.9302485574893252,0.9756,0.9492961801204144
group threshold offset=+0.2,Y* = B penalty growing with distance,24.784152207716186,0.41,1.0,0.42750000000000005,0.38375,0.04375,0.9965637022757011,0.8809582584918964,0.11560544378380477,0.571831689689612,0.9469,0.8898345609282631
group threshold offset=+0.2,Y* = C merit without distance,33.89702722353989,0.41,1.0,0.42750000000000005,0.38375,0.04375,0.9857476321611498,0.9853738125417772,0.005760632237608676,0.9786643250458937,0.9783,0.9549160481748006
group threshold offset=+0.2,"Y* = D merit from R, first generation, program",31.347842388123333,0.41,1.0,0.42750000000000005,0.38375,0.04375,0.9137428288597385,0.925747002717694,0.01710957570248779,0.9366312011018971,0.9234,0.8410145577390258
group threshold offset=+0.2,"Y* = K constant penalty, log income",34.033557970595254,0.41,1.0,0.42750000000000005,0.38375,0.04375,0.9965844402277039,0.9898106076981324,0.006773832529571422,0.9749117313719576,0.9851000000000001,0.9690215562104065
group threshold offset=+0.2,Y* = E R score only,31.425073493650622,0.41,1.0,0.42750000000000005,0.38375,0.04375,0.9119539867467422,0.9260488743221632,0.016164880729140286,0.9401300713735544,0.9236000000000001,0.8414981377453021
group threshold offset=+0.2,Y* = F noisy Bernoulli,28.935964914403996,0.41,1.0,0.42750000000000005,0.38375,0.04375,0.8642921557656151,0.8358067326800915,0.030851586942370713,0.8857348631764047,0.8782,0.7480845100583932
group threshold offset=+0.2,Y* = G base rate 30%,31.40459121059149,0.41,1.0,0.42750000000000005,0.38375,0.04375,0.9994871794871795,0.999203187250996,0.00028399223618347236,0.9989481769030242,0.8895,0.7617085115020674
group threshold offset=+0.2,Y* = H base rate 50%,29.337841957318005,0.41,1.0,0.42750000000000005,0.38375,0.04375,0.8344943909230839,0.7947693575165852,0.03972503340649867,0.8528702466425976,0.9093,0.8186958016310705
group threshold offset=+0.2,"Y* = I committee, deserving remote refusals flipped",27.863119041014745,0.41,1.0,0.42750000000000005,0.38375,0.04375,0.891836596252362,0.9708851690263121,0.07904857277395023,0.7072275082446289,0.9582,0.9145712584081445
group threshold offset=+0.2,Y* = J centre-only GBM,29.88948079903424,0.41,1.0,0.42750000000000005,0.38375,0.04375,0.9637456358970777,0.917537558862182,0.04620807703489553,0.8288589739448314,0.9458,0.8874867546758406
group threshold offset=+0.2,Y* = L need: R minus log income,28.24550753372293,0.41,1.0,0.42750000000000005,0.38375,0.04375,0.8782650272783276,0.8376727889346529,0.040592238343674404,0.8496583765049097,0.8795999999999999,0.7501560002416491
group threshold offset=+0.3,committee (decision_octroi),19.764361513579722,0.41,1.0,0.42316666666666664,0.39025,0.032916666666666684,0.7994545670366194,0.9468937204138914,0.14743915337727193,0.45392906156565954,0.8614,0.712385352151102
group threshold offset=+0.3,merit soft,30.044493386532974,0.41,1.0,0.42316666666666664,0.39025,0.032916666666666684,0.8030906711359684,0.8114017623153937,0.014494004677884864,0.946318501193019,0.8724050341634886,0.741208224178173
group threshold offset=+0.3,Y* = A constant penalty,33.44972418586876,0.41,1.0,0.42316666666666664,0.39025,0.032916666666666684,0.9885730203362554,0.9773240961442873,0.011248924191968036,0.9583373178075257,0.977,0.9521985219812162
group threshold offset=+0.3,Y* = B penalty growing with distance,25.669035669616125,0.41,1.0,0.42316666666666664,0.39025,0.032916666666666684,0.9965637022757011,0.8913926642810954,0.10517103799460559,0.6104776370570164,0.9504999999999999,0.8972988618983864
group threshold offset=+0.3,Y* = C merit without distance,33.55389831506241,0.41,1.0,0.42316666666666664,0.39025,0.032916666666666684,0.9819101921388954,0.9880068372017453,0.00989188659132858,0.9633633829950794,0.9771000000000001,0.9524420436773884
group threshold offset=+0.3,"Y* = D merit from R, first generation, program",30.723839803464905,0.41,1.0,0.42316666666666664,0.39025,0.032916666666666684,0.9073566530791985,0.9322227567822919,0.024866103703093344,0.9079033196181727,0.9218,0.8377182274067634
group threshold offset=+0.3,"Y* = K constant penalty, log income",34.46685485409804,0.41,1.0,0.42316666666666664,0.39025,0.032916666666666684,0.9939278937381404,0.9949367088607595,0.0010088151226190778,0.9962636476940034,0.9853,0.9694387933478646
group threshold offset=+0.3,Y* = E R score only,30.45093700052085,0.41,1.0,0.42316666666666664,0.39025,0.032916666666666684,0.9051767195532225,0.9339084872543009,0.028731767701078346,0.8935860455515616,0.9221999999999999,0.8386144059659744
group threshold offset=+0.3,Y* = F noisy Bernoulli,29.35227371806898,0.41,1.0,0.42316666666666664,0.39025,0.032916666666666684,0.8583918688976473,0.8446384784706549,0.02514626242529803,0.9068656947211184,0.8779999999999999,0.7476639882431071
group threshold offset=+0.3,Y* = G base rate 30%,31.39405547321237,0.41,1.0,0.42316666666666664,0.39025,0.032916666666666684,0.9994871794871795,1.0,0.000512820512820511,0.9981006647673315,0.8897,0.7621361451910494
group threshold offset=+0.3,Y* = H base rate 50%,30.584746092194024,0.41,1.0,0.42316666666666664,0.39025,0.032916666666666684,0.826076732250651,0.808279267869578,0.02289182758567245,0.9152154533863983,0.9093,0.8186958016310705
group threshold offset=+0.3,"Y* = I committee, deserving remote refusals flipped",26.62141868938348,0.41,1.0,0.42316666666666664,0.39025,0.032916666666666684,0.8828380804781422,0.9773240961442873,0.09448601566614531,0.6500517938290915,0.9550000000000001,0.9080255208534436
group threshold offset=+0.3,Y* = J centre-only GBM,30.43624033113175,0.41,1.0,0.42316666666666664,0.39025,0.032916666666666684,0.9609417113404726,0.9259190798839695,0.03933200995943007,0.854325889039148,0.9469999999999998,0.8899815033565861
group threshold offset=+0.3,Y* = L need: R minus log income,29.262134231721962,0.41,1.0,0.42316666666666664,0.39025,0.032916666666666684,0.8730365087915279,0.8461677210108964,0.026868787780631398,0.9004859711828466,0.8795999999999999,0.7501609872043352
group threshold offset=+0.4,committee (decision_octroi),19.131155184878597,0.41,1.0,0.41933333333333334,0.396,0.023333333333333327,0.7932524185411597,0.9478111516065519,0.1545587330653922,0.4275602479059549,0.858,0.7053300151172999
group threshold offset=+0.4,merit soft,29.435729843320964,0.41,1.0,0.41933333333333334,0.396,0.023333333333333327,0.7978609819385349,0.8191201985032022,0.022560274606832475,0.9164434273821019,0.8720351120538912,0.7404574197119281
group threshold offset=+0.4,Y* = A constant penalty,33.86061690793182,0.41,1.0,0.41933333333333334,0.396,0.023333333333333327,0.9858677315852148,0.9804829746489603,0.00553532688284133,0.9794987893228099,0.9766,0.9513760747650413
group threshold offset=+0.4,Y* = B penalty growing with distance,26.367840536678113,0.41,1.0,0.41933333333333334,0.396,0.023333333333333327,0.9965637022757011,0.8996507886043895,0.09691291367131157,0.6410632826988462,0.9532999999999999,0.9031049921800793
group threshold offset=+0.4,Y* = C merit without distance,33.216617150721746,0.41,1.0,0.41933333333333334,0.396,0.023333333333333327,0.978468118129857,0.9899862670904718,0.013943527475394712,0.9483573056466863,0.9759,0.9499647358525344
group threshold offset=+0.4,"Y* = D merit from R, first generation, program",30.003043312708378,0.41,1.0,0.41933333333333334,0.396,0.023333333333333327,0.9019132801749288,0.9357535187310176,0.033840238556088864,0.8746657831255968,0.9199999999999999,0.8339818433464293
group threshold offset=+0.4,"Y* = K constant penalty, log income",34.060551152481146,0.41,1.0,0.41933333333333334,0.396,0.023333333333333327,0.9912255315574662,0.9974683544303797,0.006242822872913512,0.976878433804024,0.9846999999999999,0.9681988317600443
group threshold offset=+0.4,Y* = E R score only,29.731215434722372,0.41,1.0,0.41933333333333334,0.396,0.023333333333333327,0.8997223740677004,0.937413801665322,0.03769142759762154,0.8604021200088091,0.9204000000000001,0.8348782023030795
group threshold offset=+0.4,Y* = F noisy Bernoulli,28.958028712524317,0.41,1.0,0.41933333333333334,0.396,0.023333333333333327,0.8531862663865709,0.8530052143169025,0.030466918661154495,0.8871595605142426,0.8779999999999999,0.747655833482631
group threshold offset=+0.4,Y* = G base rate 30%,31.39405547321237,0.41,1.0,0.41933333333333334,0.396,0.023333333333333327,0.9994871794871795,1.0,0.000512820512820511,0.9981006647673315,0.8897,0.7621361451910494
group threshold offset=+0.4,Y* = H base rate 50%,30.54430223943408,0.41,1.0,0.41933333333333334,0.396,0.023333333333333327,0.818537924916798,0.8201809076522399,0.023437819597931696,0.913193260748401,0.9093,0.8186958016310705
group threshold offset=+0.4,"Y* = I committee, deserving remote refusals flipped",25.682594528973006,0.41,1.0,0.41933333333333334,0.396,0.023333333333333327,0.8748152598894887,0.9804829746489603,0.10566771475947152,0.6086380934834389,0.9513999999999999,0.9006555106202818
group threshold offset=+0.4,Y* = J centre-only GBM,30.606880251087567,0.41,1.0,0.41933333333333334,0.396,0.023333333333333327,0.9584793628100059,0.9310079071435748,0.03719620345569501,0.862236283497426,0.9474,0.8908103054092702
group threshold offset=+0.4,Y* = L need: R minus log income,29.721380000499902,0.41,1.0,0.41933333333333334,0.396,0.023333333333333327,0.8684916071655501,0.8527201192742206,0.02058492815709658,0.9237595253440867,0.8794000000000001,0.749745966241211
group threshold offset=+0.5,committee (decision_octroi),18.468648815472385,0.41,1.0,0.41583333333333333,0.40125,0.01875,0.78739569113894,0.9496376356248166,0.16224194448587673,0.3991039093115677,0.8550000000000001,0.6991047086160685
group threshold offset=+0.5,merit soft,28.65923353354082,0.41,1.0,0.41583333333333333,0.40125,0.01875,0.7930531151799262,0.8259066594765804,0.0328535442966541,0.8783202063086886,0.8715740430157932,0.7395219604911366
group threshold offset=+0.5,Y* = A constant penalty,33.889511889225936,0.41,1.0,0.41583333333333333,0.40125,0.01875,0.9843202789303543,0.9864368259334135,0.00556786925303141,0.9793782620258096,0.9776,0.953463109913983
group threshold offset=+0.5,Y* = B penalty growing with distance,27.129774624224645,0.41,1.0,0.41583333333333333,0.40125,0.01875,0.9961408692947286,0.9083378005381378,0.0878030687565908,0.6748034490496637,0.9561,0.9089137095487582
group threshold offset=+0.5,Y* = C merit without distance,33.05397210322655,0.41,1.0,0.41583333333333333,0.40125,0.01875,0.9761605548675784,0.9920505745486148,0.015890019681036448,0.9411480752554204,0.9753000000000001,0.9487340398745425
group threshold offset=+0.5,"Y* = D merit from R, first generation, program",28.965203576352373,0.41,1.0,0.41583333333333333,0.40125,0.01875,0.8961674030802491,0.9436837126646898,0.04751630958444055,0.8240136682057757,0.9192,0.8323286808157903
group threshold offset=+0.5,"Y* = K constant penalty, log income",33.65638621660407,0.41,1.0,0.41583333333333333,0.40125,0.01875,0.9880874901379231,0.999367088607595,0.01127959846967177,0.9582237093715861,0.9837,0.9661274686114899
group threshold offset=+0.5,Y* = E R score only,28.65084903617939,0.41,1.0,0.41583333333333333,0.40125,0.01875,0.8939700043305235,0.9459952875621491,0.052025283231625585,0.8073137658087941,0.9198000000000001,0.8336382480002342
group threshold offset=+0.5,Y* = F noisy Bernoulli,29.004008448866735,0.41,1.0,0.41583333333333333,0.40125,0.01875,0.8480688659001517,0.85944383495223,0.02959594579381424,0.8903853859488361,0.8774,0.7464200486593342
group threshold offset=+0.5,Y* = G base rate 30%,31.39405547321237,0.41,1.0,0.41583333333333333,0.40125,0.01875,0.9994871794871795,1.0,0.000512820512820511,0.9981006647673315,0.8897,0.7621361451910494
group threshold offset=+0.5,Y* = H base rate 50%,30.422445055315656,0.41,1.0,0.41583333333333333,0.40125,0.01875,0.8116851214653416,0.830986663303402,0.025082891583530387,0.9071004015424802,0.9093,0.8186958016310705
group threshold offset=+0.5,"Y* = I committee, deserving remote refusals flipped",24.624937522731138,0.41,1.0,0.41583333333333333,0.40125,0.01875,0.8674858279757629,0.9864368259334135,0.11895099795765054,0.5594407483049981,0.9490000000000001,0.895741503775412
group threshold offset=+0.5,Y* = J centre-only GBM,31.043749382330134,0.41,1.0,0.41583333333333333,0.40125,0.01875,0.9540162419020601,0.9374226921986262,0.031215544970590557,0.8843868704792943,0.9471999999999999,0.8904007981829499
group threshold offset=+0.5,Y* = L need: R minus log income,29.64976876846102,0.41,1.0,0.41583333333333333,0.40125,0.01875,0.8632580887290894,0.8618335420110542,0.0216370084281027,0.9198629317477678,0.8795999999999999,0.7501673422337107
group threshold offset=+0.75,committee (decision_octroi),17.2373876443691,0.41,1.0,0.40700000000000003,0.4145,0.015000000000000013,0.7767125645438899,0.9533073603954589,0.17659479585156906,0.3459452005497442,0.8496,0.6878989088916144
group threshold offset=+0.75,merit soft,26.465372137448583,0.41,1.0,0.40700000000000003,0.4145,0.015000000000000013,0.780625254300061,0.8424449577242749,0.061819703424213904,0.7710381354658744,0.8699890585684666,0.7363072952087396
group threshold offset=+0.75,Y* = A constant penalty,33.085686563994265,0.41,1.0,0.40700000000000003,0.4145,0.015000000000000013,0.9747854528665038,0.9896116291143675,0.014826176247863799,0.9450882361190229,0.9738,0.9455947894409207
group threshold offset=+0.75,Y* = B penalty growing with distance,28.618985629498372,0.41,1.0,0.40700000000000003,0.4145,0.015000000000000013,0.9939917386361274,0.9243619591802057,0.0696297794559219,0.74211192794103,0.9606999999999999,0.9184498047118514
group threshold offset=+0.75,Y* = C merit without distance,31.72228474097485,0.41,1.0,0.40700000000000003,0.4145,0.015000000000000013,0.9632498816511774,0.9946835992085828,0.03143371755740543,0.8835788238614614,0.9695,0.9367138842497085
group threshold offset=+0.75,"Y* = D merit from R, first generation, program",27.45578297344785,0.41,1.0,0.40700000000000003,0.4145,0.015000000000000013,0.8846384611464518,0.9508511663340309,0.06621270518757916,0.7547677585645216,0.9152000000000001,0.824028520143828
group threshold offset=+0.75,"Y* = K constant penalty, log income",32.30928274566416,0.41,1.0,0.40700000000000003,0.4145,0.015000000000000013,0.9735544796039954,1.0,0.026445520396004472,0.9020536281629464,0.9765,0.9512140121603488
group threshold offset=+0.75,Y* = E R score only,27.077232911675758,0.41,1.0,0.40700000000000003,0.4145,0.015000000000000013,0.8817044889611744,0.9531252357265739,0.07142074676539963,0.735478715683705,0.9154,0.8245105732001103
group threshold offset=+0.75,Y* = F noisy Bernoulli,28.31650370263366,0.41,1.0,0.40700000000000003,0.4145,0.015000000000000013,0.8366033872746679,0.8728176580421876,0.03820557270145144,0.8584978788835131,0.8757999999999999,0.74310307499756
group threshold offset=+0.75,Y* = G base rate 30%,31.39405547321237,0.41,1.0,0.40700000000000003,0.4145,0.015000000000000013,0.9994871794871795,1.0,0.000512820512820511,0.9981006647673315,0.8897,0.7621361451910494
group threshold offset=+0.75,Y* = H base rate 50%,27.54022892911571,0.41,1.0,0.40700000000000003,0.4145,0.015000000000000013,0.7944495368385731,0.8584423461258028,0.0639928092872297,0.7629895952324827,0.9093,0.8186958016310705
group threshold offset=+0.75,"Y* = I committee, deserving remote refusals flipped",22.729229032966362,0.41,1.0,0.40700000000000003,0.4145,0.015000000000000013,0.8490468291066279,0.9896116291143675,0.1405648000077398,0.47938962960096376,0.9394,0.8760957627298058
group threshold offset=+0.75,Y* = J centre-only GBM,31.78834815417049,0.41,1.0,0.40700000000000003,0.4145,0.015000000000000013,0.9426289080774557,0.9497282059836477,0.02040797352897312,0.924414912855655,0.9454,0.886669993137159
group threshold offset=+0.75,Y* = L need: R minus log income,29.17728073526635,0.41,1.0,0.40700000000000003,0.4145,0.015000000000000013,0.8527044437057592,0.8762760781320408,0.02768094967365331,0.8974779641716545,0.8788,0.7485147634555508
group threshold offset=+1.0,committee (decision_octroi),15.689066721175227,0.41,1.0,0.39766666666666667,0.4285,0.030833333333333334,0.7625853166360022,0.956972895982573,0.19438757934657083,0.2800460024201081,0.8422000000000001,0.6725431115182043
group threshold offset=+1.0,merit soft,24.17650018918421,0.41,1.0,0.39766666666666667,0.4285,0.030833333333333334,0.7670589312500089,0.8588427072272792,0.09178377597727028,0.6600600889730731,0.8677107249808259,0.7316865606481832
group threshold offset=+1.0,Y* = A constant penalty,31.25979119402903,0.41,1.0,0.39766666666666667,0.4285,0.030833333333333334,0.9571681600910166,0.9934507847869292,0.0362826246959125,0.8656199085336574,0.9662,0.9298262015570591
group threshold offset=+1.0,Y* = B penalty growing with distance,30.071552701263748,0.41,1.0,0.39766666666666667,0.4285,0.030833333333333334,0.9908842266873588,0.9398036197467391,0.05169814962371679,0.808525371764012,0.9647,0.9267363510655674
group threshold offset=+1.0,Y* = C merit without distance,29.831113597624018,0.41,1.0,0.39766666666666667,0.4285,0.030833333333333334,0.943137726640985,0.9959844431707632,0.052846716529778126,0.8042714202600811,0.9597,0.9163790128281599
group threshold offset=+1.0,"Y* = D merit from R, first generation, program",25.652203232338962,0.41,1.0,0.39766666666666667,0.4285,0.030833333333333334,0.8708081644563018,0.9593508696402664,0.08854270518396441,0.672064054874206,0.9103999999999999,0.8140614756569896
group threshold offset=+1.0,"Y* = K constant penalty, log income",30.60436838641703,0.41,1.0,0.39766666666666667,0.4285,0.030833333333333334,0.9545677255206979,1.0,0.04543227447930207,0.8317323167433257,0.9669000000000001,0.931314803436701
group threshold offset=+1.0,Y* = E R score only,25.278776175264586,0.41,1.0,0.39766666666666667,0.4285,0.030833333333333334,0.8679299849257163,0.9616131201515049,0.09368313522578867,0.6530254250896717,0.9106,0.8145511782314102
group threshold offset=+1.0,Y* = F noisy Bernoulli,26.828218902103096,0.41,1.0,0.39766666666666667,0.4285,0.030833333333333334,0.824369159140178,0.8811597362615726,0.05679057712139459,0.7896645291800201,0.8722,0.7356618879001797
group threshold offset=+1.0,Y* = G base rate 30%,31.302282996487623,0.41,1.0,0.39766666666666667,0.4285,0.030833333333333334,0.9984230948114081,1.0,0.001576905188591815,0.994159610412623,0.8893000000000001,0.7612727192156776
group threshold offset=+1.0,Y* = H base rate 50%,24.05215178746576,0.41,1.0,0.39766666666666667,0.4285,0.030833333333333334,0.7762574265521084,0.8873392772516124,0.11108185069950398,0.5885857381499853,0.9093,0.8186958016310705
group threshold offset=+1.0,"Y* = I committee, deserving remote refusals flipped",20.694304287869535,0.41,1.0,0.39766666666666667,0.4285,0.030833333333333334,0.8295585694880125,0.9934507847869292,0.1638922152989166,0.3929917951891978,0.9294,0.8556312256057051
group threshold offset=+1.0,Y* = J centre-only GBM,30.462940215688327,0.41,1.0,0.39766666666666667,0.4285,0.030833333333333334,0.9291776409488005,0.961987290997649,0.03712508801442769,0.8624996740206381,0.9426,0.8808631156850375
group threshold offset=+1.0,Y* = L need: R minus log income,27.498947188522077,0.41,1.0,0.39766666666666667,0.4285,0.030833333333333334,0.842192941776273,0.8924462060301874,0.05025326425391423,0.813876799059577,0.8785999999999999,0.7480940804887025
ExponentiatedGradient eps=0.0,committee (decision_octroi),29.564156577234957,0.41,1.0,0.4716666666666667,0.3175,0.15416666666666665,0.8476965992047006,0.8507645259938839,0.018083607535397637,0.9330236757948235,0.8684,0.7269122040892322
ExponentiatedGradient eps=0.0,merit soft,17.54478113890618,0.41,1.0,0.4716666666666667,0.3175,0.15416666666666665,0.8493656360902637,0.6743200221929859,0.1750456138972778,0.3516829114915637,0.8524805890285121,0.7007415272716605
ExponentiatedGradient eps=0.0,Y* = A constant penalty,18.192277375660268,0.41,1.0,0.4716666666666667,0.3175,0.15416666666666665,0.9991885875580682,0.8020571160405112,0.1971314715175571,0.2698834388238626,0.9292,0.8529739066122011
ExponentiatedGradient eps=0.0,Y* = B penalty growing with distance,12.02254331874531,0.41,1.0,0.4716666666666667,0.3175,0.15416666666666665,0.9995433789954337,0.7115140559319061,0.2880293230635277,0.021847163619315567,0.8903000000000001,0.7723733364239332
ExponentiatedGradient eps=0.0,Y* = C merit without distance,20.301698296382323,0.41,1.0,0.4716666666666667,0.3175,0.15416666666666665,0.998826947484481,0.8263448801053975,0.1724820673790834,0.36117752822561705,0.9382999999999999,0.8718765154579989
ExponentiatedGradient eps=0.0,"Y* = D merit from R, first generation, program",23.343379432599157,0.41,1.0,0.4716666666666667,0.3175,0.15416666666666665,0.9489707736848327,0.8275927465115627,0.12137802717327009,0.5504517512101108,0.9144,0.8222896272264627
ExponentiatedGradient eps=0.0,"Y* = K constant penalty, log income",18.841848625697136,0.41,1.0,0.4716666666666667,0.3175,0.15416666666666665,0.9984241749199135,0.8089236757085093,0.18950049921140424,0.2981462992170214,0.9319000000000001,0.858594842757114
ExponentiatedGradient eps=0.0,Y* = E R score only,23.45437682912877,0.41,1.0,0.4716666666666667,0.3175,0.15416666666666665,0.9467002534527085,0.8269742729900014,0.11972598046270708,0.5565704427307145,0.914,0.8215311983009652
ExponentiatedGradient eps=0.0,Y* = F noisy Bernoulli,16.299569080204567,0.41,1.0,0.4716666666666667,0.3175,0.15416666666666665,0.9005468213475764,0.7079987426397144,0.19254807870786192,0.2868589677486596,0.857,0.7041593150154251
ExponentiatedGradient eps=0.0,Y* = G base rate 30%,27.936491496719896,0.41,1.0,0.4716666666666667,0.3175,0.15416666666666665,1.0,0.9569973163115393,0.04300268368846072,0.8407308011538491,0.8801,0.7414583649095274
ExponentiatedGradient eps=0.0,Y* = H base rate 50%,12.831182613769645,0.41,1.0,0.4716666666666667,0.3175,0.15416666666666665,0.8978672474797265,0.6381571818669439,0.2597100656127825,0.059694659677960824,0.8878999999999999,0.7758192946806952
ExponentiatedGradient eps=0.0,"Y* = I committee, deserving remote refusals flipped",21.969920311089314,0.41,1.0,0.4716666666666667,0.3175,0.15416666666666665,0.9544359357673173,0.8020571160405112,0.15237881972680614,0.43563400101182914,0.9432,0.883816019390182
ExponentiatedGradient eps=0.0,Y* = J centre-only GBM,17.355475461942785,0.41,1.0,0.4716666666666667,0.3175,0.15416666666666665,0.9829019919112303,0.7812811285542404,0.20162086335698998,0.25325606164077785,0.913,0.8193569486084817
ExponentiatedGradient eps=0.0,Y* = L need: R minus log income,17.31893152683546,0.41,1.0,0.4716666666666667,0.3175,0.15416666666666665,0.9118750629352919,0.7305865072081319,0.18128855572715988,0.3285609047142227,0.8634000000000001,0.7165142288367334
ExponentiatedGradient eps=0.01,committee (decision_octroi),29.15353019274524,0.41,1.0,0.47350000000000003,0.31475,0.15875,0.8490812511128256,0.8425034560764108,0.023207033415624446,0.9140480243865762,0.8674,0.7248379803342478
ExponentiatedGradient eps=0.01,merit soft,16.735585168509253,0.41,1.0,0.47350000000000003,0.31475,0.15875,0.8511869584564927,0.6659394029634582,0.1852475554930345,0.31389794261839077,0.8507049338120132,0.6971750877427626
ExponentiatedGradient eps=0.01,Y* = A constant penalty,17.20145615340516,0.41,1.0,0.47350000000000003,0.31475,0.15875,0.9991885875580682,0.7901822318104867,0.2090063557475815,0.22590238612006855,0.9256,0.8455605620669194
ExponentiatedGradient eps=0.01,Y* = B penalty growing with distance,12.332838164322391,0.41,1.0,0.47350000000000003,0.31475,0.15875,0.9995433789954337,0.7015022081088101,0.29804117088662363,0.04294421003281763,0.8867,0.7649302642444025
ExponentiatedGradient eps=0.01,Y* = C merit without distance,19.282687274642633,0.41,1.0,0.47350000000000003,0.31475,0.15875,0.998826947484481,0.8140896304415829,0.18473731704289803,0.3157877146559333,0.9347,0.8644621987682646
ExponentiatedGradient eps=0.01,"Y* = D merit from R, first generation, program",22.35183461458889,0.41,1.0,0.47350000000000003,0.31475,0.15875,0.9501209132621522,0.816439329270447,0.1336815839917052,0.5048830222529437,0.9118,0.8169449446353341
ExponentiatedGradient eps=0.01,"Y* = K constant penalty, log income",17.892638430590292,0.41,1.0,0.47350000000000003,0.31475,0.15875,0.9984241749199135,0.7975261310799509,0.20089804383996265,0.2559331709631013,0.9285,0.851598334088551
ExponentiatedGradient eps=0.01,Y* = E R score only,22.44003453103219,0.41,1.0,0.47350000000000003,0.31475,0.15875,0.9483033207945081,0.8158780667595952,0.13242525403491281,0.5095360961669897,0.9116,0.8166208405128262
ExponentiatedGradient eps=0.01,Y* = F noisy Bernoulli,15.592069191050712,0.41,1.0,0.47350000000000003,0.31475,0.15875,0.8998208115713993,0.699133777477464,0.20068703409393537,0.2567146885409801,0.8535999999999999,0.6971850280154073
ExponentiatedGradient eps=0.01,Y* = G base rate 30%,27.525129932857045,0.41,1.0,0.47350000000000003,0.31475,0.15875,1.0,0.9519569145383503,0.04804308546164966,0.8220626464383345,0.8789,0.7389251336060234
ExponentiatedGradient eps=0.01,Y* = H base rate 50%,12.036172117189045,0.41,1.0,0.47350000000000003,0.31475,0.15875,0.9006610153748589,0.6285426023699233,0.27211841300493567,0.02288612780376369,0.8859,0.7718966374075847
ExponentiatedGradient eps=0.01,"Y* = I committee, deserving remote refusals flipped",20.763078847436372,0.41,1.0,0.47350000000000003,0.31475,0.15875,0.9582781469290245,0.7901822318104867,0.16809591511853766,0.37742253659800873,0.9418,0.8809752076984132
ExponentiatedGradient eps=0.01,Y* = J centre-only GBM,16.16652492024492,0.41,1.0,0.47350000000000003,0.31475,0.15875,0.9850083418967559,0.7685023250828372,0.21650601681391865,0.1981258636521531,0.9102,0.8136005098134573
ExponentiatedGradient eps=0.01,Y* = L need: R minus log income,16.449845076519715,0.41,1.0,0.47350000000000003,0.31475,0.15875,0.9135443333729875,0.72135516926962,0.19218916410336745,0.2881882810986391,0.8614,0.7124052969697957
ExponentiatedGradient eps=0.02,committee (decision_octroi),29.15353019274524,0.41,1.0,0.47350000000000003,0.31475,0.15875,0.8490812511128256,0.8425034560764108,0.023207033415624446,0.9140480243865762,0.8674,0.7248379803342478
ExponentiatedGradient eps=0.02,merit soft,16.757344279276708,0.41,1.0,0.47350000000000003,0.31475,0.15875,0.8507978215064449,0.6659394029634582,0.18485841854298674,0.31533919058153065,0.8504717222847061,0.6967040311764063
ExponentiatedGradient eps=0.02,Y* = A constant penalty,17.267757181957585,0.41,1.0,0.47350000000000003,0.31475,0.15875,0.9980435493901293,0.7901822318104867,0.20786131757964257,0.2301432682235461,0.925,0.8443261211657775
ExponentiatedGradient eps=0.02,Y* = B penalty growing with distance,12.314231974663297,0.41,1.0,0.47350000000000003,0.31475,0.15875,0.9982748800525162,0.7015022081088101,0.2967726719437061,0.04294421003281763,0.8861000000000001,0.763689851600463
ExponentiatedGradient eps=0.02,Y* = C merit without distance,19.325723064730408,0.41,1.0,0.47350000000000003,0.31475,0.15875,0.9980792839330791,0.8140896304415829,0.18398965349149615,0.31855683892038467,0.9343,0.8636390857548479
ExponentiatedGradient eps=0.02,"Y* = D merit from R, first generation, program",22.393453525941347,0.41,1.0,0.47350000000000003,0.31475,0.15875,0.9493923158122433,0.816439329270447,0.13295298654179627,0.5075815313266806,0.9114000000000001,0.8161215266271823
ExponentiatedGradient eps=0.02,"Y* = K constant penalty, log income",17.958449766425712,0.41,1.0,0.47350000000000003,0.31475,0.15875,0.9972856549958149,0.7975261310799509,0.199759523915864,0.260149911422726,0.9279,0.8503634358647464
ExponentiatedGradient eps=0.02,Y* = E R score only,22.481841613923276,0.41,1.0,0.47350000000000003,0.31475,0.15875,0.9475720593685482,0.8158780667595952,0.13169399260895304,0.5122444718186926,0.9112,0.8157968118366284
ExponentiatedGradient eps=0.02,Y* = F noisy Bernoulli,15.636171308109112,0.41,1.0,0.47350000000000003,0.31475,0.15875,0.8990589068094946,0.699133777477464,0.1999251293320306,0.25953655802951625,0.8532,0.6963626765012525
ExponentiatedGradient eps=0.02,Y* = G base rate 30%,27.619846530812964,0.41,1.0,0.47350000000000003,0.31475,0.15875,0.9984615384615385,0.9519569145383503,0.046504623923188125,0.8277606521363403,0.8783,0.7376422325390772
ExponentiatedGradient eps=0.02,Y* = H base rate 50%,12.036172117189045,0.41,1.0,0.47350000000000003,0.31475,0.15875,0.9006610153748589,0.6285426023699233,0.27211841300493567,0.02288612780376369,0.8859,0.7718966374075847
ExponentiatedGradient eps=0.02,"Y* = I committee, deserving remote refusals flipped",20.763078847436372,0.41,1.0,0.47350000000000003,0.31475,0.15875,0.9582781469290245,0.7901822318104867,0.16809591511853766,0.37742253659800873,0.9418,0.8809752076984132
ExponentiatedGradient eps=0.02,Y* = J centre-only GBM,16.211341587698424,0.41,1.0,0.47350000000000003,0.31475,0.15875,0.9842361411245552,0.7685023250828372,0.21573381604171793,0.20098586651215594,0.9098,0.8127749504970204
ExponentiatedGradient eps=0.02,Y* = L need: R minus log income,16.519223422816715,0.41,1.0,0.47350000000000003,0.31475,0.15875,0.9123562145611063,0.72135516926962,0.19100104529148626,0.2925887211426435,0.8608,0.7111632666642562
ExponentiatedGradient eps=0.05,committee (decision_octroi),28.740530907839293,0.41,1.0,0.4721666666666667,0.31675,0.15541666666666668,0.844598492492136,0.8425034560764108,0.0276897920363141,0.8974452146803182,0.8648,0.7194417742821952
ExponentiatedGradient eps=0.05,merit soft,17.041649763261823,0.41,1.0,0.4721666666666667,0.31675,0.15541666666666668,0.8465794946820566,0.6664624225717906,0.1801170721102661,0.33289973292494046,0.8482823936346525,0.6922436736508675
ExponentiatedGradient eps=0.05,Y* = A constant penalty,17.267757181957585,0.41,1.0,0.4721666666666667,0.31675,0.15541666666666668,0.9980435493901293,0.7901822318104867,0.20786131757964257,0.2301432682235461,0.925,0.8443261211657775
ExponentiatedGradient eps=0.05,Y* = B penalty growing with distance,12.367374603442673,0.41,1.0,0.4721666666666667,0.31675,0.15541666666666668,0.9982748800525162,0.7021351195012152,0.29613976055130103,0.04528832630098454,0.8863,0.7641072051615322
ExponentiatedGradient eps=0.05,Y* = C merit without distance,19.325723064730408,0.41,1.0,0.4721666666666667,0.31675,0.15541666666666668,0.9980792839330791,0.8140896304415829,0.18398965349149615,0.31855683892038467,0.9343,0.8636390857548479
ExponentiatedGradient eps=0.05,"Y* = D merit from R, first generation, program",22.703318753750644,0.41,1.0,0.4721666666666667,0.31675,0.15541666666666668,0.9441077629667148,0.816439329270447,0.1276684336962678,0.5271539492730823,0.9088,0.8106826512192666
ExponentiatedGradient eps=0.05,"Y* = K constant penalty, log income",17.901618714081344,0.41,1.0,0.4721666666666667,0.31675,0.15541666666666668,0.9972856549958149,0.7968435372232956,0.2004421177725193,0.25762178602770636,0.9277000000000001,0.8499455329018144
ExponentiatedGradient eps=0.05,Y* = E R score only,22.77767327215347,0.41,1.0,0.4721666666666667,0.31675,0.15541666666666668,0.9414744983929385,0.8151290030891832,0.12634549530375525,0.5320537210972028,0.908,0.8091065900139611
ExponentiatedGradient eps=0.05,Y* = F noisy Bernoulli,15.904808719451816,0.41,1.0,0.4721666666666667,0.31675,0.15541666666666668,0.894504041385064,0.699133777477464,0.19537026390759998,0.276406429971852,0.851,0.6917786746676517
ExponentiatedGradient eps=0.05,Y* = G base rate 30%,27.619846530812964,0.41,1.0,0.4721666666666667,0.31675,0.15541666666666668,0.9984615384615385,0.9519569145383503,0.046504623923188125,0.8277606521363403,0.8783,0.7376422325390772
ExponentiatedGradient eps=0.05,Y* = H base rate 50%,12.626214950111718,0.41,1.0,0.4721666666666667,0.31675,0.15541666666666668,0.8917872952383401,0.6295897227887715,0.26219757244956876,0.059629981712530075,0.8811,0.7622410210574078
ExponentiatedGradient eps=0.05,"Y* = I committee, deserving remote refusals flipped",21.270576790305675,0.41,1.0,0.4721666666666667,0.31675,0.15541666666666668,0.949349575500453,0.7901822318104867,0.1591673436899662,0.4104913196667918,0.9368000000000001,0.8707166931313225
ExponentiatedGradient eps=0.05,Y* = J centre-only GBM,16.531866850667836,0.41,1.0,0.4721666666666667,0.31675,0.15541666666666668,0.9816160537883107,0.7704631093965628,0.21115294439174787,0.21795205780834132,0.9092,0.8115217129667339
ExponentiatedGradient eps=0.05,Y* = L need: R minus log income,16.86824280577814,0.41,1.0,0.4721666666666667,0.31675,0.15541666666666668,0.9064614777190011,0.72135516926962,0.185106308449381,0.31442107981710743,0.858,0.7053214139623993
ExponentiatedGradient eps=0.1,committee (decision_octroi),28.740530907839293,0.41,1.0,0.4721666666666667,0.31675,0.15541666666666668,0.844598492492136,0.8425034560764108,0.0276897920363141,0.8974452146803182,0.8648,0.7194417742821952
ExponentiatedGradient eps=0.1,merit soft,17.041649763261823,0.41,1.0,0.4721666666666667,0.31675,0.15541666666666668,0.8465794946820566,0.6664624225717906,0.1801170721102661,0.33289973292494046,0.8482823936346525,0.6922436736508675
ExponentiatedGradient eps=0.1,Y* = A constant penalty,17.267757181957585,0.41,1.0,0.4721666666666667,0.31675,0.15541666666666668,0.9980435493901293,0.7901822318104867,0.20786131757964257,0.2301432682235461,0.925,0.8443261211657775
ExponentiatedGradient eps=0.1,Y* = B penalty growing with distance,12.367374603442673,0.41,1.0,0.4721666666666667,0.31675,0.15541666666666668,0.9982748800525162,0.7021351195012152,0.29613976055130103,0.04528832630098454,0.8863,0.7641072051615322
ExponentiatedGradient eps=0.1,Y* = C merit without distance,19.325723064730408,0.41,1.0,0.4721666666666667,0.31675,0.15541666666666668,0.9980792839330791,0.8140896304415829,0.18398965349149615,0.31855683892038467,0.9343,0.8636390857548479
ExponentiatedGradient eps=0.1,"Y* = D merit from R, first generation, program",22.703318753750644,0.41,1.0,0.4721666666666667,0.31675,0.15541666666666668,0.9441077629667148,0.816439329270447,0.1276684336962678,0.5271539492730823,0.9088,0.8106826512192666
ExponentiatedGradient eps=0.1,"Y* = K constant penalty, log income",17.901618714081344,0.41,1.0,0.4721666666666667,0.31675,0.15541666666666668,0.9972856549958149,0.7968435372232956,0.2004421177725193,0.25762178602770636,0.9277000000000001,0.8499455329018144
ExponentiatedGradient eps=0.1,Y* = E R score only,22.77767327215347,0.41,1.0,0.4721666666666667,0.31675,0.15541666666666668,0.9414744983929385,0.8151290030891832,0.12634549530375525,0.5320537210972028,0.908,0.8091065900139611
ExponentiatedGradient eps=0.1,Y* = F noisy Bernoulli,15.904808719451816,0.41,1.0,0.4721666666666667,0.31675,0.15541666666666668,0.894504041385064,0.699133777477464,0.19537026390759998,0.276406429971852,0.851,0.6917786746676517
ExponentiatedGradient eps=0.1,Y* = G base rate 30%,27.619846530812964,0.41,1.0,0.4721666666666667,0.31675,0.15541666666666668,0.9984615384615385,0.9519569145383503,0.046504623923188125,0.8277606521363403,0.8783,0.7376422325390772
ExponentiatedGradient eps=0.1,Y* = H base rate 50%,12.626214950111718,0.41,1.0,0.4721666666666667,0.31675,0.15541666666666668,0.8917872952383401,0.6295897227887715,0.26219757244956876,0.059629981712530075,0.8811,0.7622410210574078
ExponentiatedGradient eps=0.1,"Y* = I committee, deserving remote refusals flipped",21.270576790305675,0.41,1.0,0.4721666666666667,0.31675,0.15541666666666668,0.949349575500453,0.7901822318104867,0.1591673436899662,0.4104913196667918,0.9368000000000001,0.8707166931313225
ExponentiatedGradient eps=0.1,Y* = J centre-only GBM,16.531866850667836,0.41,1.0,0.4721666666666667,0.31675,0.15541666666666668,0.9816160537883107,0.7704631093965628,0.21115294439174787,0.21795205780834132,0.9092,0.8115217129667339
ExponentiatedGradient eps=0.1,Y* = L need: R minus log income,16.86824280577814,0.41,1.0,0.4721666666666667,0.31675,0.15541666666666668,0.9064614777190011,0.72135516926962,0.185106308449381,0.31442107981710743,0.858,0.7053214139623993
ExponentiatedGradient eps=0.2,committee (decision_octroi),28.740530907839293,0.41,1.0,0.4721666666666667,0.31675,0.15541666666666668,0.844598492492136,0.8425034560764108,0.0276897920363141,0.8974452146803182,0.8648,0.7194417742821952
ExponentiatedGradient eps=0.2,merit soft,17.041649763261823,0.41,1.0,0.4721666666666667,0.31675,0.15541666666666668,0.8465794946820566,0.6664624225717906,0.1801170721102661,0.33289973292494046,0.8482823936346525,0.6922436736508675
ExponentiatedGradient eps=0.2,Y* = A constant penalty,17.267757181957585,0.41,1.0,0.4721666666666667,0.31675,0.15541666666666668,0.9980435493901293,0.7901822318104867,0.20786131757964257,0.2301432682235461,0.925,0.8443261211657775
ExponentiatedGradient eps=0.2,Y* = B penalty growing with distance,12.367374603442673,0.41,1.0,0.4721666666666667,0.31675,0.15541666666666668,0.9982748800525162,0.7021351195012152,0.29613976055130103,0.04528832630098454,0.8863,0.7641072051615322
ExponentiatedGradient eps=0.2,Y* = C merit without distance,19.325723064730408,0.41,1.0,0.4721666666666667,0.31675,0.15541666666666668,0.9980792839330791,0.8140896304415829,0.18398965349149615,0.31855683892038467,0.9343,0.8636390857548479
ExponentiatedGradient eps=0.2,"Y* = D merit from R, first generation, program",22.703318753750644,0.41,1.0,0.4721666666666667,0.31675,0.15541666666666668,0.9441077629667148,0.816439329270447,0.1276684336962678,0.5271539492730823,0.9088,0.8106826512192666
ExponentiatedGradient eps=0.2,"Y* = K constant penalty, log income",17.901618714081344,0.41,1.0,0.4721666666666667,0.31675,0.15541666666666668,0.9972856549958149,0.7968435372232956,0.2004421177725193,0.25762178602770636,0.9277000000000001,0.8499455329018144
ExponentiatedGradient eps=0.2,Y* = E R score only,22.77767327215347,0.41,1.0,0.4721666666666667,0.31675,0.15541666666666668,0.9414744983929385,0.8151290030891832,0.12634549530375525,0.5320537210972028,0.908,0.8091065900139611
ExponentiatedGradient eps=0.2,Y* = F noisy Bernoulli,15.904808719451816,0.41,1.0,0.4721666666666667,0.31675,0.15541666666666668,0.894504041385064,0.699133777477464,0.19537026390759998,0.276406429971852,0.851,0.6917786746676517
ExponentiatedGradient eps=0.2,Y* = G base rate 30%,27.619846530812964,0.41,1.0,0.4721666666666667,0.31675,0.15541666666666668,0.9984615384615385,0.9519569145383503,0.046504623923188125,0.8277606521363403,0.8783,0.7376422325390772
ExponentiatedGradient eps=0.2,Y* = H base rate 50%,12.626214950111718,0.41,1.0,0.4721666666666667,0.31675,0.15541666666666668,0.8917872952383401,0.6295897227887715,0.26219757244956876,0.059629981712530075,0.8811,0.7622410210574078
ExponentiatedGradient eps=0.2,"Y* = I committee, deserving remote refusals flipped",21.270576790305675,0.41,1.0,0.4721666666666667,0.31675,0.15541666666666668,0.949349575500453,0.7901822318104867,0.1591673436899662,0.4104913196667918,0.9368000000000001,0.8707166931313225
ExponentiatedGradient eps=0.2,Y* = J centre-only GBM,16.531866850667836,0.41,1.0,0.4721666666666667,0.31675,0.15541666666666668,0.9816160537883107,0.7704631093965628,0.21115294439174787,0.21795205780834132,0.9092,0.8115217129667339
ExponentiatedGradient eps=0.2,Y* = L need: R minus log income,16.86824280577814,0.41,1.0,0.4721666666666667,0.31675,0.15541666666666668,0.9064614777190011,0.72135516926962,0.185106308449381,0.31442107981710743,0.858,0.7053214139623993
ExponentiatedGradient eps=1.0,committee (decision_octroi),29.054608911460228,0.41,1.0,0.4736666666666666,0.3145,0.15916666666666668,0.8466674580093774,0.8406685936910897,0.02378596413375165,0.9119038365416605,0.8656,0.7211021453751345
ExponentiatedGradient eps=1.0,merit soft,16.557401711860116,0.41,1.0,0.4736666666666666,0.3145,0.15916666666666668,0.8481477072786274,0.6617819470178987,0.18636576026072876,0.3097564434787824,0.847582706825853,0.6908181894856311
ExponentiatedGradient eps=1.0,Y* = A constant penalty,16.766895837517318,0.41,1.0,0.4736666666666666,0.3145,0.15916666666666668,0.9980435493901293,0.7841822318104867,0.21386131757964258,0.20792104600132383,0.9231999999999999,0.8405649944993895
ExponentiatedGradient eps=1.0,Y* = B penalty growing with distance,11.835948315648904,0.41,1.0,0.4736666666666666,0.3145,0.15916666666666668,0.9982748800525162,0.6958060055771647,0.3024688744753516,0.021847163619315567,0.8843,0.7599336695508396
ExponentiatedGradient eps=1.0,Y* = C merit without distance,18.812738158112136,0.41,1.0,0.4736666666666666,0.3145,0.15916666666666668,0.9980792839330791,0.807925246879939,0.19015403705314,0.2957257886920741,0.9324999999999999,0.8598814922847102
ExponentiatedGradient eps=1.0,"Y* = D merit from R, first generation, program",22.123557595444844,0.41,1.0,0.4736666666666666,0.3145,0.15916666666666668,0.9465467873569586,0.8111362989674167,0.135410488389542,0.498479672631326,0.9086000000000001,0.8102642761878884
ExponentiatedGradient eps=1.0,"Y* = K constant penalty, log income",17.390139242981995,0.41,1.0,0.4736666666666666,0.3145,0.15916666666666668,0.9972856549958149,0.790700192513398,0.2065854624824169,0.2348686574725301,0.9259000000000001,0.8461844062354263
ExponentiatedGradient eps=1.0,Y* = E R score only,22.2640876119523,0.41,1.0,0.4736666666666666,0.3145,0.15916666666666668,0.9439135227831823,0.8106346210667112,0.13327890171647108,0.5063744380871442,0.908,0.8091065900139611
ExponentiatedGradient eps=1.0,Y* = F noisy Bernoulli,15.32956929982692,0.41,1.0,0.4736666666666666,0.3145,0.15916666666666668,0.896574434759805,0.6936916006067158,0.20288283415308944,0.2485820957292984,0.8503999999999999,0.6905284923493971
ExponentiatedGradient eps=1.0,Y* = G base rate 30%,26.944020918046117,0.41,1.0,0.4736666666666666,0.3145,0.15916666666666668,0.9984615384615385,0.9436235812050171,0.05483795725652145,0.7968964546054761,0.8765000000000001,0.7337394550624398
ExponentiatedGradient eps=1.0,Y* = H base rate 50%,12.068890018675233,0.41,1.0,0.4736666666666666,0.3145,0.15916666666666668,0.8945176706649614,0.6248776809039547,0.26963998976100667,0.03206547315164894,0.8808999999999999,0.7618387037094837
ExponentiatedGradient eps=1.0,"Y* = I committee, deserving remote refusals flipped",20.628636943195534,0.41,1.0,0.4736666666666666,0.3145,0.15916666666666668,0.951849575500453,0.7841822318104867,0.16766734368996622,0.3790098381853103,0.9364000000000001,0.8698960119659553
ExponentiatedGradient eps=1.0,Y* = J centre-only GBM,15.958980129573405,0.41,1.0,0.4736666666666666,0.3145,0.15916666666666668,0.9820527350110181,0.7639271616841444,0.21812557332687357,0.1921275061967646,0.9074,0.8077620003758742
ExponentiatedGradient eps=1.0,Y* = L need: R minus log income,16.323311196302694,0.41,1.0,0.4736666666666666,0.3145,0.15916666666666668,0.9089877935084747,0.7166094065577556,0.1923783869507191,0.28748745573807744,0.8577999999999999,0.7049041387694096
